topic,file,title
Addiction,Addiction - 1.txt,The neuroscientific picture of addiction overlooks the psychological and social factors that make cravings so hard to resist
Addiction,Addiction - 10.txt,"Back on the islands of my childhood, I’m clinging to sobriety, searching for a rare bird that’s also on the brink"
Addiction,Addiction - 11.txt,"While one person dabbles in drugs with few ill-effects, another will become a chronic addict. What’s the difference?"
Addiction,Addiction - 12.txt,Gadgets are the first thing we touch in the morning and the last thing we stroke at night. Are we their slaves?
Addiction,Addiction - 13.txt,Mucking out the pigs together can be just as helpful to recovering addicts as a 12-step programme or medical treatment
Addiction,Addiction - 2.txt,Our inability to treat substance use disorders stems from a narrow-minded view that brains and genes are their real cause
Addiction,Addiction - 3.txt,"Addiction changes the brain but it’s not a disease that can be cured with medicine. In fact, it’s learned – like a habit"
Addiction,Addiction - 4.txt,"Most addicts just stop using in time, without needing costly treatment. Why do some people walk away while others can’t?"
Addiction,Addiction - 5.txt,"Passion stabs, unrequited love hurts and taboo desires can torment the spirit. Is it time to fix our love lives for good?"
Addiction,Addiction - 6.txt,Cutting brings relief because emotion and pain criss-cross in the brain. Can we untangle the circuits and stop self-harm?
Addiction,Addiction - 7.txt,The new science of addiction makes 12-step programmes seem like folk medicine. Is the concept of a higher power obsolete?
Addiction,Addiction - 8.txt,The fear of missing out haunts our social networks and our real lives alike. But there is a way to break free
Addiction,Addiction - 9.txt,"When I stopped smoking weed, my appetite shrivelled and my head throbbed – but it was the dreams that really shook me"
Ageing and death,Ageing and death - 1.txt,"When loved ones are traumatically lost, bereaved families become accidental activists by turning grief into grievance"
Ageing and death,Ageing and death - 2.txt,Here’s a puzzle: why do we neglect and disdain the one vulnerable group we all eventually will join? Beauvoir had an answer
Ageing and death,Ageing and death - 3.txt,"Are women really at greater risk from dementia? Until we reckon with social roles and inequalities, it’s impossible to say"
Ageing and death,Ageing and death - 4.txt,Pet dogs often have a peaceful death that forestalls protracted suffering and pain. Why can’t we do the same for humans?
Ageing and death,Ageing and death - 5.txt,Who better to answer questions about the purpose of life than someone who has been living theirs for a long time?
Animals and humans,Animals and humans - 1.txt,"These canines have independent, peaceful, happy lives without a pet’s constraints. Why are they being persecuted and culled?"
Animals and humans,Animals and humans - 10.txt,"For the K’iche’ Mayans, animals were not lower beings but neighbours, alter egos and a way to communicate with the gods"
Animals and humans,Animals and humans - 11.txt,Human exceptionalism is dead: for the sake of our own happiness and the planet we should embrace our true animal nature
Animals and humans,Animals and humans - 12.txt,The search for dolphin intelligence and the quest for alien life have moved in historical lockstep. What does the future hold?
Animals and humans,Animals and humans - 13.txt,"The gift of a half-wanted hive took me into the world of bees, kept and wild: a place of generosity and attentiveness"
Animals and humans,Animals and humans - 14.txt,"They are sentient beings with rich emotional lives, yet we subject them to experimental cruelty without conscience. Why?"
Animals and humans,Animals and humans - 15.txt,It is not enough to conserve species and ecosystems. We have an ethical duty to care for each individual animal on earth
Animals and humans,Animals and humans - 16.txt,Trainers working with dogs every day have documented extraordinary talents and skills. Will science ever catch up?
Animals and humans,Animals and humans - 17.txt,The slaughterhouse ethic of Soviet and American whalers tells us we must look beyond communism and capitalism to survive
Animals and humans,Animals and humans - 18.txt,"Chimps, dolphins and elephants pass, dogs and cats don’t. Is the mirror test a reliable mark of self-awareness?"
Animals and humans,Animals and humans - 19.txt,How a chimpanzee named Clint trained a psychologist to question human exceptionalism and reconsider the intelligence of apes
Animals and humans,Animals and humans - 2.txt,The very attributes that make small dogs cute and popular are slowly strangling their ability to function as real animals
Animals and humans,Animals and humans - 20.txt,Modern zoos are proud of their contribution to animal conservation but will always be haunted by their histories
Animals and humans,Animals and humans - 21.txt,"The Classical world abounded with avians – and so birds took up in the human imagination, nesting in our language and art"
Animals and humans,Animals and humans - 22.txt,"We treat pet dogs with such sentimentality while their wild, endangered relatives are feared and persecuted. Why?"
Animals and humans,Animals and humans - 23.txt,"The story of American beef is like the story of the nation as a whole: a mashup of history and myth, bloody and contested"
Animals and humans,Animals and humans - 24.txt,Commonsense tells us that both dogs and cats experience jealousy. Are we being anthropomorphic or can we know for sure?
Animals and humans,Animals and humans - 25.txt,"Farmed animals have personalities, smarts, even a sense of agency. Why then do we saddle them with lives of utter despair?"
Animals and humans,Animals and humans - 26.txt,Can they shape their own lives? Or the course of history? It’s time to reconsider the significance of animal agency
Animals and humans,Animals and humans - 27.txt,The animal who speaks in a human voice is a figure of the most enduring imaginative power. What do we hope to hear?
Animals and humans,Animals and humans - 28.txt,Humans are fascinated by our fellow animals – is that just an evolutionary hangover or something more profound?
Animals and humans,Animals and humans - 29.txt,"When the land is all filled up, it’s time to get creative with it, as small countries like Switzerland already know"
Animals and humans,Animals and humans - 3.txt,"Although it felt more like bereavement for a person than the loss of a thing, the death of a pet isn’t exactly like either"
Animals and humans,Animals and humans - 30.txt,"Is there any reason to think dolphins and humans have a special relationship? Sure, but it might not be a friendly one"
Animals and humans,Animals and humans - 4.txt,"She has deep emotions, complex social needs and a large, elephant brain. Her legal personhood should be recognised too"
Animals and humans,Animals and humans - 5.txt,"In all its baroque and sometimes cruelly overbred forms, the dog is a paramount symbol of both human hopes and foibles"
Animals and humans,Animals and humans - 6.txt,Scientists study animals to illuminate human psychology. So why are we blind to the mental lives of our caged subjects?
Animals and humans,Animals and humans - 7.txt,"In a tight spot, you’d probably intuit that a human life outweighs an animal’s. There are good arguments why that’s wrong"
Animals and humans,Animals and humans - 8.txt,"The horse is a prey animal, the human a predator. Our shared trust and athleticism is a neurobiological miracle"
Animals and humans,Animals and humans - 9.txt,"If humans were to disappear from the face of the Earth, what might dogs become? And would they be better off without us?"
Anthropology,Anthropology - 1.txt,I wanted to visit Colombia’s sacred mountains. But there are some places we cannot go – and some things we cannot know
Anthropology,Anthropology - 10.txt,Humans need closeness and belonging but any society that closes its gates is doomed to atrophy. How do we stay open?
Anthropology,Anthropology - 11.txt,"Pastoralists are experts in managing extreme variability. In a volatile world economy, bankers should learn how they do it"
Anthropology,Anthropology - 12.txt,"On a regular cycle, the Nias islanders of Indonesia would retreat into enforced seclusion. What can we learn from them?"
Anthropology,Anthropology - 13.txt,"A grand research project created our origin myth that early human societies were all egalitarian, mobile and small-scale"
Anthropology,Anthropology - 14.txt,"Even when enslaved or despised, captives brought novel ideas and technologies to the societies of their captors"
Anthropology,Anthropology - 15.txt,The Ik – among the poorest people on Earth – have been cast as exemplars of human selfishness. The truth is much more startling
Anthropology,Anthropology - 16.txt,Navigation and spatial awareness sustained humans for tens of thousands of years. Have we lost the trail in modern times?
Anthropology,Anthropology - 17.txt,Mead argued that non-Western cultures offered alternative (often better) ways to be human. Why was she so vilified for it?
Anthropology,Anthropology - 18.txt,"On Nias island, the heart can be ‘squeezed’, ‘hot’, even ‘hairy’. What can anthropology say about unfamiliar emotional zones?"
Anthropology,Anthropology - 19.txt,"A psychological relief valve and a guard against despotism, laughter is a uniquely human – and collective – activity"
Anthropology,Anthropology - 2.txt,The Marind people of West Papua deploy mourning not only to grieve their animal and plant kin but as political resistance
Anthropology,Anthropology - 20.txt,Is a home made of bricks and mortar or hopes and dreams? Dispatches from among the rough sleepers on the streets of Paris
Anthropology,Anthropology - 21.txt,From the foreskin of Jesus to the scarf of Elvis: why humans cannot resist the magical potency of charismatic objects
Anthropology,Anthropology - 22.txt,"Namibian hunter-gatherers deride those who stand out. What does this tell us about why, and how, we care about fairness?"
Anthropology,Anthropology - 23.txt,"There is nothing so horrific as child murder, yet it’s ubiquitous in human history. What drives a parent to kill a baby?"
Anthropology,Anthropology - 24.txt,"Even after museums return human remains pillaged from a massacre in 1864, can repatriation heal the wounds of history?"
Anthropology,Anthropology - 25.txt,"Ancient Babylonia’s magic bowls offer a glimpse into the society of the Talmud, and today’s shadowy antiquities market"
Anthropology,Anthropology - 26.txt,"If you descend from slaves in Senegal, your shame is an open secret and your life limited by stigma and disrespect"
Anthropology,Anthropology - 27.txt,"From fire-walking to the ice-bucket challenge, ritual pain and suffering forge intense social bonds"
Anthropology,Anthropology - 28.txt,"Every culture looks for creative inspiration to other cultures, but is there a point when this is just outright theft?"
Anthropology,Anthropology - 29.txt,"The evolution of human culture can be explained, not by the size of our brains, but by the quality of our relationships"
Anthropology,Anthropology - 3.txt,"The stories of oral societies, passed from generation to generation, are more than they seem. They are scientific records"
Anthropology,Anthropology - 30.txt,"If you want to know what money is, don’t ask a banker. Take a leap of faith and start your own currency"
Anthropology,Anthropology - 31.txt,"They predicted the Boxing Day tsunami, but can Thailand’s sea gypsies stay afloat on the waves of modernity?"
Anthropology,Anthropology - 32.txt,"Figurines, fishers, bugs and bats – how things in the world become sacred objects in a museum"
Anthropology,Anthropology - 33.txt,"The sculptor would carve me a wooden figure. In exchange, I would show my ritual gratitude. What could go wrong?"
Anthropology,Anthropology - 34.txt,"In Javanese culture, a ruler must stand chivalrously above strife: cool, intelligent and self-contained. Sound familiar?"
Anthropology,Anthropology - 35.txt,"Rituals bind us, in modern societies and prehistoric tribes alike. But can our loyalties stretch to all of humankind?"
Anthropology,Anthropology - 36.txt,Fossil genomics is opening new windows to the past. But the view through them isn’t as clear as we like to think
Anthropology,Anthropology - 4.txt,Hunter-gatherers don’t live in an economic idyll but their deep appreciation of rest puts industrialised work to shame
Anthropology,Anthropology - 5.txt,The gifts we exchange are both generous and yet fraught with social rules and obligations. Marcel Mauss explained why
Anthropology,Anthropology - 6.txt,Frantic human activity has reduced both cultural and biological diversity. Now we must protect the dwindling alternatives
Anthropology,Anthropology - 7.txt,Marx’s idea that societies were naturally egalitarian and communal before farming is widely influential and quite wrong
Anthropology,Anthropology - 8.txt,"Mead, so radical about gender and sex in her early work, doubled down on the differences between men and women later. Why?"
Anthropology,Anthropology - 9.txt,"For 97 per cent of human history, all people had about the same power and access to goods. How did inequality ratchet up?"
Archaeology,Archaeology - 1.txt,The Greeks and Romans portrayed these elusive priests as bogeymen who bathed in their victims’ blood. Who were they really?
Archaeology,Archaeology - 10.txt,A revolution in archaeology has exposed the extraordinary extent of human influence over our planet’s past and its future
Archaeology,Archaeology - 11.txt,"Whether collecting, storing or hoarding, we’ve always had our issues with stuff – not least deciding what’s worth having"
Archaeology,Archaeology - 12.txt,"Before death became a source of disgust and denial, Europeans cheerfully painted with – and ingested – human remains"
Archaeology,Archaeology - 13.txt,"Racists use it to bolster their ethnohistorical myths, but historians and archaeologists should not abandon the term"
Archaeology,Archaeology - 14.txt,Graffiti on the walls of Europe’s old churches reveals the real Middle Ages – a world far removed from knights and damsels
Archaeology,Archaeology - 2.txt,"With the help of new archaeological approaches, our picture of young lives in the Palaeolithic is now marvellously vivid"
Archaeology,Archaeology - 3.txt,"Some 3,700 years ago, an enslaved girl, a barber, and a king crossed paths in a city by the Euphrates. This is their story"
Archaeology,Archaeology - 4.txt,Archaeology and genetics can’t yet agree on when humans first arrived in the Americas. That’s good science and here’s why
Archaeology,Archaeology - 5.txt,The truly wondrous treasures of Tutankhamun’s tomb are not made of gold. They are the mundane things of everyday life
Archaeology,Archaeology - 6.txt,How did this ancient and enigmatic sculpture of a beautiful Egyptian queen end up as fortune’s hostage in Germany?
Archaeology,Archaeology - 7.txt,Archaeologist Eilat Mazar dug with a spade in one hand and a Bible in the other. Should her theories be taken seriously?
Archaeology,Archaeology - 8.txt,"Vanished beneath the waves in 373 BCE, Helike is a byword for thinking about disaster, for ancients and moderns alike"
Archaeology,Archaeology - 9.txt,"What if the need for fabric, not food, in the face of a changing climate is what first tipped humanity towards agriculture?"
Architecture,Architecture - 1.txt,"Architectural drawing speaks of mathematical precision, but its roots lie in the theological exegesis of a prophetic book"
Architecture,Architecture - 10.txt,The urge to tidy up cities is deadening – let’s celebrate the tangled chaos and honky-tonk energy that keep them alive
Architecture,Architecture - 11.txt,Twitter has log cabins and Facebook has graffiti — what do the offices of tech giants tell us about the future of work?
Architecture,Architecture - 12.txt,"Living outside changes you. When environmental illness left me too sick to stay in my high-rise, I turned to nature to heal"
Architecture,Architecture - 13.txt,"Theories and demographics are all very well, but to know New York City’s inner life you need to walk and talk"
Architecture,Architecture - 14.txt,"The ancients had pyramids to tame the sky’s mystery. We have Star Axis, a masterpiece forty years in the making"
Architecture,Architecture - 15.txt,"It might be a piece of paradise, a refuge from urban mayhem – but can a garden embody something deeper and wilder?"
Architecture,Architecture - 16.txt,At bookstores it’s easy to confuse the kids section for the nature section. Why are so many children’s books about animals?
Architecture,Architecture - 17.txt,Most architecture sets out to make us civil and efficient. Where are the homes that give us passion and pleasure?
Architecture,Architecture - 18.txt,"Gardens expand our thinking. At times of crisis they console, school us in emotional generosity, and show us that life goes on"
Architecture,Architecture - 19.txt,"Heady with beauty, in cherry tree season Japan celebrates environmental values that Western greens have lost"
Architecture,Architecture - 2.txt,"One of the great buildings of the Renaissance reminds us that buildings are made to be explored, smelled and even tasted"
Architecture,Architecture - 20.txt,America’s national parks are overrun with cars and visitors – what happened to the spirit of wilderness preservation?
Architecture,Architecture - 21.txt,"An historic building brings a personal awakening:  the past lives on in us, neither forgotten, nor preserved in aspic"
Architecture,Architecture - 22.txt,"Without night or day, and the sun spinning slowly in a cold sky. Could you stand the mental hypothermia?"
Architecture,Architecture - 23.txt,Nature conservation is still obsessed with the pristine. It needs to learn to love this mongrel world
Architecture,Architecture - 24.txt,Old ideas of balance and harmony need to be put aside if we are to save a natural world in constant flux
Architecture,Architecture - 25.txt,"We can build structures that last for centuries, but can we connect with our distant descendants?"
Architecture,Architecture - 3.txt,Must we simply accept the loss of beloved buildings and cities to the floods and rising seas of the climate crisis?
Architecture,Architecture - 4.txt,Our movies and offices are engineered to sound natural based on what rang false in the theatres of 18th-century Paris
Architecture,Architecture - 5.txt,"Before it became a staple of videogames, the maze was a test of reason and courage, a way to find yourself by getting lost"
Architecture,Architecture - 6.txt,"In his Poetics of Space, Gaston Bachelard created a philosophy of at-homeness, rich in emotion and memory"
Architecture,Architecture - 7.txt,"Boring cityscapes increase sadness, addiction and disease-related stress. Is urban design a matter of public health?"
Architecture,Architecture - 8.txt,"It might be pleasing to dream of arcologies, mega-cities, and space colonies – but no one can design the perfect human community"
Architecture,Architecture - 9.txt,Sacred structures needn’t be religious. Great buildings have a curious power to command reverence in any cultural setting
Art,Art - 1.txt,"When it comes to our complicated, undecipherable feelings, art prompts a self-understanding far beyond the wellness industry"
Art,Art - 10.txt,Gazing at a painting feels like an almost magical encounter with another mind but what real effects does art have on us?
Art,Art - 11.txt,"For Palaeolithic societies, art-making was both a tool for survival and a tactile, joyous exploration of the world"
Art,Art - 12.txt,"The Harrisons’ eco-art told stories about the apocalypse, pointing to a future where we’d all have to be survival artists"
Art,Art - 13.txt,John Berger’s ‘Ways of Seeing’ exploded a discipline. But his greatest legacy might be a quieter project of re-enchantment
Art,Art - 14.txt,Forensics can’t be sure. Provenance can be fudged. This is why the expert eye still rules the game of art authentication
Art,Art - 15.txt,"Ever since Hegel, artists and critics alike have been claiming that art is finished. But what could that actually mean?"
Art,Art - 16.txt,How wealthy Americans grew to appreciate the French Impressionist painter – as an artist but also as a financial asset
Art,Art - 17.txt,"Collectors drive the art world, but what drives art collectors? It’s less about aesthetics than self-identification"
Art,Art - 18.txt,"Stuart Franklin has photographed conflict, nature and people. He discusses what makes a memorable image"
Art,Art - 19.txt,Museums display perfect reproductions of fragile works and visitors can’t tell the difference. Is nothing in art sacred?
Art,Art - 2.txt,"Noticing first one then many parrots, peacocks, owls and more birds in Old Master paintings taught me to truly see the world"
Art,Art - 20.txt,Michelangelo and Raphael; Leibniz and Newton; Constable and Turner. Does every creative genius need a bitter rival?
Art,Art - 21.txt,Fra Angelico’s frescos inspired generations of devotion. Can religious art still work its magic on the godless?
Art,Art - 22.txt,Paul Simon’s album ‘Graceland’ is a joyous political statement. Does it strike the same chord in the sombre Rothko Chapel?
Art,Art - 23.txt,Can today’s travel deliver on the promise of the Grand Tour – or is the idea of edifying travel utterly bankrupt?
Art,Art - 24.txt,"In their blind variations of senseless combinations, artists and Bitcoin miners both reach for a kind of grace"
Art,Art - 25.txt,Ai Weiwei is back in production with his Fake studio and his team of assistants. What does art mean now to the dissident?
Art,Art - 26.txt,"If you express your creativity while other people go hungry, you’re probably not making the world a better place"
Art,Art - 27.txt,True beauty pleases the eye and the mind – but can it help us to become better people?
Art,Art - 28.txt,Digital art and culture mustn’t get caught up in the tools of its making or it will never transport us somewhere new
Art,Art - 29.txt,Optical illusions such as magic lanterns taught the Victorians what to trust. What can they teach us today?
Art,Art - 3.txt,"Men in ancient Greek art exercise, fight battles, pursue lovers and mourn lost friends, all without their pants on. Why?"
Art,Art - 30.txt,"When a tattoo marks a personal transformation, or the reclaiming of an abused body, the tattoo artist becomes a healer"
Art,Art - 31.txt,"One emotion inspired our greatest achievements in science, art and religion. We can manipulate it – but why do we have it?"
Art,Art - 32.txt,Repairing things is about more than thrift. It is about creating something bold and original
Art,Art - 33.txt,"Eduard Bersudsky chose to be mute in Soviet days. Ever since, his moving musical sculptures have done the talking"
Art,Art - 34.txt,"The Arab Spring began in Tunisia, and now its artists and dancers are keeping the flame of protest alive"
Art,Art - 35.txt,Humans have been breeding animals for beauty for centuries. But should we draw the line at genetically modified pets?
Art,Art - 36.txt,"A reputation for cross-border debauchery, desperate migrants and drug violence. Can the arts save this troubled city?"
Art,Art - 37.txt,"Infatuated by celebrity, stuck in dreary work, addicted to consumerism. Only a creator culture can save us"
Art,Art - 38.txt,Going to an art gallery is like going to church — a spiritual experience. But what makes a painting worthy of veneration?
Art,Art - 39.txt,"As the boundaries between digital and physical dissolve, can the New Aesthetic help us see things more clearly?"
Art,Art - 4.txt,Conceptual art often confounds. The key is to understand the rules of the artwork and the aesthetic experiences they yield
Art,Art - 5.txt,"Since antiquity, artists have depicted a perverse scene of a daughter breastfeeding her aged father. What does it mean?"
Art,Art - 6.txt,"When 1970s women artists put the female body under the female gaze, why did the critics see only obscene monsters?"
Art,Art - 7.txt,"Dig into the voids, pin-pricks and cut-outs of art and history, and those absences speak volumes about what’s been missed"
Art,Art - 8.txt,"Louise’s Parkinsonism didn’t tamp her artistic drive, but exposed the link between perception, thought and creativity"
Art,Art - 9.txt,Tearing down sexist paintings or racist monuments raises as many problems as it resolves. There’s a better way to combat hate
Astronomy,Astronomy - 1.txt,It’s possible that frozen worlds with subterranean oceans are incubators of organic life. But then how did life get here?
Astronomy,Astronomy - 10.txt,"When we meet aliens, it won’t be a friendly encounter nor a conquest: it will be a gold rush. Can we make sure it’s ethical?"
Astronomy,Astronomy - 11.txt,"Cosmology has been on a long, hot streak, racking up one imaginative and scientific triumph after another. Is it over?"
Astronomy,Astronomy - 12.txt,"In the dark corners of our galaxy, there are billions of rogue planets roaming around, starless – can they support life?"
Astronomy,Astronomy - 13.txt,"It is only a matter of time before our Universe goes black, cold and dies. Must this be the end of the road for life?"
Astronomy,Astronomy - 14.txt,Where does earth end and space begin? Finding the border between the two is not as simple or scientific as you might think
Astronomy,Astronomy - 15.txt,The lunar phases influence all sorts of creatures from corals to eagle owls. Does the Moon tug on human behaviour too?
Astronomy,Astronomy - 16.txt,"An eternal electric day is creeping across the globe, but our brains and bodies cannot cope in a world without darkness"
Astronomy,Astronomy - 17.txt,Scientists used to scan the skies for messages from alien civilisations. Now they go looking for their ruins
Astronomy,Astronomy - 18.txt,Roger Angel is one of the world’s most brilliant and audacious engineers. Could he design the next energy revolution?
Astronomy,Astronomy - 19.txt,"The Universe seems to be bursting with planets, and this is profoundly important — but not in the way we might expect"
Astronomy,Astronomy - 2.txt,"Dust storms, long distances and freezing temperatures make living on Mars magnificently challenging. How will we do it?"
Astronomy,Astronomy - 20.txt,"Dark matter is the commonest, most elusive stuff there is. Can we grasp this great unsolved problem in physics?"
Astronomy,Astronomy - 21.txt,"The Voyager probes speed on with their messages of humility and greatness, strange memorials to a spacefaring age"
Astronomy,Astronomy - 22.txt,"Astro-tourism, air travel and nifty apps gave Venus’s 2012 transit a democratic edge over astronomy’s historic heroism"
Astronomy,Astronomy - 3.txt,An alien-made artefact or just interstellar debris? What ʻOumuamua says about how science works when data is scarce
Astronomy,Astronomy - 4.txt,"Like sea monsters on premodern maps, deep-space images are science’s fanciful means to chart the edges of the known world"
Astronomy,Astronomy - 5.txt,Dark matter is the most ubiquitous thing physicists have never found: it’s time to consider alternative explanations
Astronomy,Astronomy - 6.txt,The Universe’s biggest galaxies could hold the key to the birth of the cosmos. Why are these behemoths so hard to find?
Astronomy,Astronomy - 7.txt,We know that the Universe is awash with watery moons and planets. How can we pinpoint which of them could support life?
Astronomy,Astronomy - 8.txt,"In a white dome on a bare mountain, six of us are road-testing life in a Martian colony. This is what I’ve learned so far"
Astronomy,Astronomy - 9.txt,"Quantum effects are not just subatomic: they can be expressed across galaxies, and solve the puzzle of dark matter"
Automation and robotics,Automation and robotics - 1.txt,"What stands in the way of all-powerful AI isn’t a lack of smarts: it’s that computers can’t have needs, cravings or desires"
Automation and robotics,Automation and robotics - 10.txt,The 15-hour working week predicted by Keynes may soon be within our grasp – but are we ready for freedom from toil?
Automation and robotics,Automation and robotics - 2.txt,"Robots came to Europe before the dawn of the mechanical age. To a medieval world, they were indistinguishable from magic"
Automation and robotics,Automation and robotics - 3.txt,"As technological choices become ever more complex, design fiction, not science, hints at the future we actually want"
Automation and robotics,Automation and robotics - 4.txt,"Get ready for companies that run themselves. But will the autonomous economy set us all free, or just make the rich richer?"
Automation and robotics,Automation and robotics - 5.txt,CGI has become wearingly dull and cliched. Can its deep weirdness be recovered and filmgoers’ minds stretched again?
Automation and robotics,Automation and robotics - 6.txt,When is it ethical to hand our decisions over to machines? And when is external automation a step too far?
Automation and robotics,Automation and robotics - 7.txt,Do insects feel pain? Are they conscious? A science kit for at-home cyborg cockroaches provokes the hard questions
Automation and robotics,Automation and robotics - 8.txt,Hod Lipson’s artificial organisms have already escaped from the virtual realm. Now he wants to send them out of control
Automation and robotics,Automation and robotics - 9.txt,"Computers could take some tough choices out of our hands, if we let them. Is there still a place for human judgment?"
Beauty and aesthetics,Beauty and aesthetics - 1.txt,Machine learning theory is shedding new light on how to think about the mysterious and ineffable nature of art
Beauty and aesthetics,Beauty and aesthetics - 10.txt,"In China and Japan, temples may be rebuilt and ancient warriors cast again. There is nothing sacred about the ‘original’"
Beauty and aesthetics,Beauty and aesthetics - 11.txt,"For Adorno, popular culture is not just bad art – it enslaves us to repetition and robs us of our aesthetic freedom"
Beauty and aesthetics,Beauty and aesthetics - 12.txt,The Greek colour experience was made of movement and shimmer. Can we ever glimpse what they saw when gazing out to sea?
Beauty and aesthetics,Beauty and aesthetics - 13.txt,"In the myth of flow, the performer soars when the music starts. But it’s grit and self-analysis until the very last bar"
Beauty and aesthetics,Beauty and aesthetics - 14.txt,Marcel Duchamp’s ‘Fountain’ is not just a radical kind of art. It’s a philosophical dialetheia: a contradiction that is true
Beauty and aesthetics,Beauty and aesthetics - 15.txt,"With bodies sculpted to look like comic-book heroes, today’s muscle men create an impossible template for masculinity"
Beauty and aesthetics,Beauty and aesthetics - 16.txt,"It makes letters colourised and numbers pulsate with cosmic time: a rare gift, or are we all on the synaesthetic spectrum?"
Beauty and aesthetics,Beauty and aesthetics - 17.txt,My two-year-old daughter already knows that pink is for girls. And she loves it. Why does that make me see red?
Beauty and aesthetics,Beauty and aesthetics - 18.txt,"How does it feel when writer’s block finally gives way, and what is it that brings back the grace of creation?"
Beauty and aesthetics,Beauty and aesthetics - 19.txt,"Scientists prize elegant theories, but a taste for simplicity is a treacherous guide. And it doesn’t even look good"
Beauty and aesthetics,Beauty and aesthetics - 2.txt,The ultimate value of the world can be discovered if you are sensitive to what is beautiful
Beauty and aesthetics,Beauty and aesthetics - 20.txt,The pleasure we take in beauty must have been shaped by evolution — but what adaptive advantage did it give us?
Beauty and aesthetics,Beauty and aesthetics - 21.txt,"The Gothic is more than vampires and flying buttresses, burgundy lips and black lace: it is the thrill of transgression"
Beauty and aesthetics,Beauty and aesthetics - 22.txt,"From Pygmalion to Bladerunner, we keep falling for our robot creations. But then, what else is AI good for?"
Beauty and aesthetics,Beauty and aesthetics - 23.txt,"From pickled sharks to compositions in silence, fake ideas and fake emotions have elbowed out truth and beauty"
Beauty and aesthetics,Beauty and aesthetics - 3.txt,"Good art, laced with irony, ambiguity and suspense, is not obviously political. That’s what makes it politically interesting"
Beauty and aesthetics,Beauty and aesthetics - 4.txt,"Tempting it might be, but the idea that culture has become vacuous and banal comes with unsavoury implications"
Beauty and aesthetics,Beauty and aesthetics - 5.txt,"From the Big Bang to a heartbeat in utero, sounds are a scaffold for thought when logic and imagery elude us"
Beauty and aesthetics,Beauty and aesthetics - 6.txt,We need a radical new paradigm for thinking about blackness that recognises beauty’s potential to save lives
Beauty and aesthetics,Beauty and aesthetics - 7.txt,"Beauty is a deeply moral matter that makes kindness, empathy and honesty attractive, while vice warps into ugliness"
Beauty and aesthetics,Beauty and aesthetics - 8.txt,Experimental psychology is providing concrete answers to some of the great philosophical debates about art and its meaning
Beauty and aesthetics,Beauty and aesthetics - 9.txt,"Rather than a golden ratio or a moral judgment, beauty is more like a radical jolt that awakens us to the world"
Bioethics,Bioethics - 1.txt,Infertility treatments aim to improve women’s lives. But they risk tying womanhood to the toxic expectation of motherhood
Bioethics,Bioethics - 10.txt,"From morbid anatomy museums to modern consent forms, medicine wants ever more control over your body – and its parts"
Bioethics,Bioethics - 11.txt,Labelling someone crazy and difficult is a way to resist justice and change – and psychiatrists are complicit
Bioethics,Bioethics - 12.txt,Parents already put their children under intense pressure to compete in the world. Will gene editing make it worse?
Bioethics,Bioethics - 13.txt,"To honour donors, we should harvest organs that have the best chance of helping others – before, not after, death"
Bioethics,Bioethics - 14.txt,"An un-consenting child, an unnecessary, invasive surgery: is there any moral difference between male and female circumcision?"
Bioethics,Bioethics - 15.txt,Scientists torturing bees to save them have nightmares about the work. Must grief be part of experimental design?
Bioethics,Bioethics - 16.txt,Rafting the Grand Canyon seemed the perfect wilderness escape until we found we’d brought a deadly virus with us
Bioethics,Bioethics - 17.txt,Human industry is now noisy enough to drown out whale songs. What would happen in the ocean if we went quiet?
Bioethics,Bioethics - 18.txt,The Milgram experiments showed that anybody could be capable of torture when obeying an authority. Are they still valid?
Bioethics,Bioethics - 19.txt,Some of the world’s most powerful conservationists are giving up on wilderness. They are making a big mistake
Bioethics,Bioethics - 2.txt,Embryo risk screening could lower the odds of illnesses ranging from depression to diabetes. Can it be ethically done?
Bioethics,Bioethics - 20.txt,"Once you know what plankton can do, you’ll understand why fertilising the ocean with iron is not such a crazy idea"
Bioethics,Bioethics - 21.txt,The rules on doping in sport are incoherent – should we change them to allow the right kind of performance enhancement?
Bioethics,Bioethics - 22.txt,"Biotechnology and other life sciences promise to transform our health, identity, even our brains. Should we be worried?"
Bioethics,Bioethics - 23.txt,"Animals have thoughts, feelings and personality. Why have we taken so long to catch up with animal consciousness?"
Bioethics,Bioethics - 3.txt,We should be able to acknowledge that disabilities can cause pain and suffering without disabled people feeling dehumanised
Bioethics,Bioethics - 4.txt,"Insect farming bakes, boils and shreds animals by the trillion. It’s immoral, risky and won’t resolve the climate crisis"
Bioethics,Bioethics - 5.txt,"The body is warm, but the brain has gone dark: why the notion of brain death provokes the thorniest of medical dilemmas"
Bioethics,Bioethics - 6.txt,Thought eugenics died with the Nazis? Think again: the eugenic programme of sterilising the ‘unfit’ continues even today
Bioethics,Bioethics - 7.txt,That pigs are smart and sensitive is not in doubt. How can we justify continuing to kill them for food?
Bioethics,Bioethics - 8.txt,Thinking about children who are not yet born confronts us with the question of our ethical obligations to future people
Bioethics,Bioethics - 9.txt,Children born with in-between sex development are subject to surgeries that many believe violate their human rights
Biography and memoir,Biography and memoir - 1.txt,"Whenever I stand in a flat landscape, I feel myself becoming weightless, taken out of my childhood full of painful nothing"
Biography and memoir,Biography and memoir - 10.txt,"Travel is supposed to make us feel more alive, so why is the hotel room a place of such loneliness and despair?"
Biography and memoir,Biography and memoir - 11.txt,Jacob Bridge is a popular lieutenant in the US Marines who woke up one day with an urgent need to leave the military. Why?
Biography and memoir,Biography and memoir - 12.txt,"Even secular people need time out to meditate, reflect, and give thanks. Is prayer the answer?"
Biography and memoir,Biography and memoir - 13.txt,"My husband got the death threat, but I went into hiding. Are some brains wired for courage and others for fear?"
Biography and memoir,Biography and memoir - 14.txt,"My black friends call it Murderland. My white friends call it Charm City, a town of trendy cafés. I just call it home"
Biography and memoir,Biography and memoir - 15.txt,"Vertigo knocked me out of whack. Now, when people talk of finding equilibrium, I want to hit them with my walking stick"
Biography and memoir,Biography and memoir - 16.txt,"Finding my dad was an act of self-discovery: it took furtive phone calls, conjured siblings – and the power to transcend death"
Biography and memoir,Biography and memoir - 17.txt,"The life well-lived, the path well-walked, each full of loops and weavings, until a person maps their patch of earth"
Biography and memoir,Biography and memoir - 18.txt,"As a road cuts into their rainforest home, the Mayagna people consider how much modernity they really want"
Biography and memoir,Biography and memoir - 2.txt,"At times I’ve tried to escape it. Other times I’ve embraced it. But at all times, people have attempted to define me by it"
Biography and memoir,Biography and memoir - 3.txt,Growing up in the shadow of a serial killer I came to understand that danger within a locked house might exceed that without
Biography and memoir,Biography and memoir - 4.txt,"Vanessa and Virginia – intimates in art, adversaries in love. Can we ever transcend the primal envy of the sisterly bond?"
Biography and memoir,Biography and memoir - 5.txt,"A campaigning journalist and an early feminist, Harriet Martineau humanised economic theory through Dickensian storytelling"
Biography and memoir,Biography and memoir - 6.txt,"The adults who joined Bhagwan’s ashram sought freedom, love and light. Many of their children found darkness instead"
Biography and memoir,Biography and memoir - 7.txt,I am my things and my things are me. I don’t want to give them up: they are narrative prompts for the story of my life
Biography and memoir,Biography and memoir - 8.txt,Hot and bothersome or exhilarating and wild: winds blow through the mind as strongly as they blow through the landscape
Biography and memoir,Biography and memoir - 9.txt,"A remote island, an Arctic expedition, a one-way trip to Mars – what drives our urge to explore the farthest reaches?"
Biology,Biology - 1.txt,"We humans are forward-facing, gravity-bound plodders. Can the liquid motion of the octopus radicalise our ideas about time?"
Biology,Biology - 10.txt,Biologists balk at any talk of ‘goals’ or ‘intentions’ – but a bold new research agenda has put agency back on the table
Biology,Biology - 11.txt,"Yes, there are just two biological sexes. No, this doesn’t mean every living thing is either one or the other"
Biology,Biology - 12.txt,"They’re not cuddly, they don’t behave at all like us – yet they are sentient. Why fish belong in the moral community"
Biology,Biology - 13.txt,"A cat is alive, a sofa is not: that much we know. But a sofa is also part of life. Information theory tells us why"
Biology,Biology - 14.txt,Are insects ‘philosophical zombies’ with no inner life? Close attention to their behaviours and moods suggests otherwise
Biology,Biology - 15.txt,Networks regulate everything from ant colonies and middle schools to epidemics and the internet. Here’s how they work
Biology,Biology - 16.txt,"From the memories of flowers to the sociability of trees, the cognitive capacities of our vegetal cousins are all around us"
Biology,Biology - 17.txt,"Our sense of smell gives flavour to food, emotion to memories, and connects us to each other. But how exactly does it work?"
Biology,Biology - 18.txt,The ant colony has often served as a metaphor for human order and hierarchy. But real ant society is radical to its core
Biology,Biology - 19.txt,Animal consciousness is taboo in many areas of biological science. What’s so hard about the inner lives of other species?
Biology,Biology - 2.txt,"Inside a rainforest or on the city pavement, moss asks so little yet offers so much: a tactile encounter with time itself"
Biology,Biology - 20.txt,"Trees lay down rings, the Earth tells its story in geological strata and now we’ve found the secret archive of the whale"
Biology,Biology - 21.txt,"First we learned to fear germs, then we learned to love our microbiome. But both sides get the biology basically wrong"
Biology,Biology - 22.txt,"Wolves’ howls are eerie, beautiful and wild. But what are they actually saying to each other?"
Biology,Biology - 23.txt,Intelligence could have been moving back and forth between biological beings and machine receptacles for aeons
Biology,Biology - 24.txt,To figure out the origin of life might take a conceptual shift towards seeing it as a pattern of molecular energy
Biology,Biology - 25.txt,"Science is not a ‘body of knowledge’ – it’s a dynamic, ongoing reconfiguration of knowledge and must be free to change"
Biology,Biology - 26.txt,How a 500-year experiment to revive dormant microbes could reveal the secrets to cheating time
Biology,Biology - 27.txt,Why shower precious resources on rescuing individual animals while habitats are destroyed and whole species disappear?
Biology,Biology - 28.txt,"Alien lifeforms might be living right under our noses, but how can we find them if we don’t know what we’re looking for?"
Biology,Biology - 29.txt,An orangutan steals crops from a poor farmer in Indonesia and is shot in retribution. Who is to blame?
Biology,Biology - 3.txt,"Driven by insatiable curiosity, early histologists revealed the hidden structures of cells in works of sensual artistry"
Biology,Biology - 30.txt,The idea that we are edging up to a mass extinction is not just wrong – it’s a recipe for panic and paralysis
Biology,Biology - 31.txt,"In Japan, beetles are pets, grasshoppers a delicacy and fireflies are adored. Is the creepy-crawly a Western invention?"
Biology,Biology - 32.txt,Weird quantum effects are so delicate it seems they could only happen in a lab. How on Earth can life depend on them?
Biology,Biology - 33.txt,"Animals and viruses practise deception, fast and slow, in ways that help us understand human predators and scammers"
Biology,Biology - 34.txt,"The DNA helix gave 20th-century biology its symbol. But the more we learn, the more life circles back to an older image"
Biology,Biology - 35.txt,"A genome is not a blueprint for building a human being, so is there any way to judge whether DNA is junk or not?"
Biology,Biology - 36.txt,"We may think we are the first organisms to remake the planet, but life has been transforming the earth for aeons"
Biology,Biology - 37.txt,The oceans of Jupiter’s ice worlds might be swimming with life – so why do we keep sending robots to Mars?
Biology,Biology - 38.txt,"Why does life resist disorder? Because ever since the first replicating molecules, another kind of stability has beckoned"
Biology,Biology - 39.txt,"To breed condors in captivity, we must pull on the strings of nature. But does that matter if we save a species?"
Biology,Biology - 4.txt,"Why we need to stop thinking about parents, offspring and sex when we try to understand how life reproduces itself"
Biology,Biology - 40.txt,Is it time to kill off the idea of the ‘Selfish Gene’? We asked four experts to respond to our most controversial essay
Biology,Biology - 41.txt,This winter has seen an irruption of snowy owls in the US. What does it mean to see Arctic birds so far from home?
Biology,Biology - 42.txt,We assume that microbes evolved to attack humans when actually we are just civilian casualties in a much older war
Biology,Biology - 43.txt,"Sabercats were magnificent, powerful predators – what does their extinction tell us about the future of life on Earth?"
Biology,Biology - 44.txt,"For decades, the selfish gene metaphor let us view evolution with new clarity. Is it now blinding us?"
Biology,Biology - 45.txt,"Animals have friends, enemies, allies and life-long companions. Human relationships aren’t so unique after all"
Biology,Biology - 46.txt,The Arctic Seed Vault puts apocalyptic talk of climate change in perspective – but not how you might think
Biology,Biology - 47.txt,"Ancient yet playful, endangered but resurgent, the North Atlantic right whale is a living reminder of how little we know"
Biology,Biology - 48.txt,"The strange biology of island populations highlights the role of chance, not just selection, in evolutionary change"
Biology,Biology - 49.txt,"Nobody expects atoms and molecules to have purposes, so why do we still think of living things in this way?"
Biology,Biology - 5.txt,Tokyo’s imperial archives advise what science now confirms: the secret of longevity lies in the gentle arts of the bedroom
Biology,Biology - 50.txt,"As the American people got fatter, so did marmosets, vervet monkeys and mice. The problem may be bigger than any of us"
Biology,Biology - 51.txt,"Dolphins are smart, sociable predators. They don’t belong in captivity and they shouldn’t be used to ‘cure’ the ill"
Biology,Biology - 52.txt,Simplistic ideas of how genes ‘cause’ traits are no longer viable: life is an orderly collection of uncertainties
Biology,Biology - 53.txt,"For all their intricate symbolic force, from the Paleolithic to today’s herbalism, plants are still a deep mystery to us"
Biology,Biology - 54.txt,"The cuckoo is both an icon of Englishness and a symbol of suspicion and deceit — a perfect pet for an MI5 officer, then"
Biology,Biology - 55.txt,The discovery of a microscopic world shook the foundations of theology and created modern demons
Biology,Biology - 56.txt,"The more we learn about the emotions shared by all mammals, the more we must rethink our own human intelligence"
Biology,Biology - 57.txt,"Intelligent, devoted, alien – parrots are unlike any other pet. But what does the complex human-avian bond say about us?"
Biology,Biology - 58.txt,Our curiosity about the Red Planet has always been tinged with fantasy – but wishful thinking needn’t be mistaken
Biology,Biology - 59.txt,"Dead matter has no goals of its own, yet life is constantly striving. That makes it a deep puzzle for physics"
Biology,Biology - 6.txt,"How can animals whose brains have been drastically remodelled still recall their kin, their traumas and their skills?"
Biology,Biology - 60.txt,The death of a beloved polar bear casts the logic of zoos in a cold light. Are they safe havens or places of sacrifice?
Biology,Biology - 61.txt,"Salamanders, fish and perhaps even humans are evolving fast in response to toxic chemicals. Is that bad?"
Biology,Biology - 62.txt,Dogs rescue their friends and elephants care for injured kin – humans have no monopoly on moral behaviour
Biology,Biology - 7.txt,Solving the mystery of how and why fireflies flash in time can illuminate the physics of complex systems
Biology,Biology - 8.txt,"Boned, spined, spiked, corkscrewed or double-headed: why did so much variety arise when a simple tube would do?"
Biology,Biology - 9.txt,"The Gaia hypothesis states that our biosphere is evolving. Once sceptical, some prominent biologists are beginning to agree"
Biotechnology,Biotechnology - 1.txt,"Half-human soldiers, robot servants and eagle drones – the Greeks got there first. Could an AI learn from their stories?"
Biotechnology,Biotechnology - 2.txt,"From teen-targeting vampires to Lady Báthory’s bloodbaths, we love stories of stolen youth. What if it were possible?"
Biotechnology,Biotechnology - 3.txt,"It’s made in a lab, no factory farms and no killing, but it’s still meat. Looks like we’ll need a whole new food ethics"
Biotechnology,Biotechnology - 4.txt,"Crowdfunding might catapult promising cancer treatments into clinical trials, but can it make a real difference?"
Biotechnology,Biotechnology - 5.txt,"Unreason, like the poor, will always be with us. But why does quackery survive when science is making life better?"
Chemistry,Chemistry - 1.txt,The genius and hubris of plastic has been absorbed by every living thing. Is it a curse or evolution’s next step?
Chemistry,Chemistry - 2.txt,Human fat cells can be used to regenerate damaged hearts and ageing joints. So should we start piling on the pounds?
Childhood and adolescence,Childhood and adolescence - 1.txt,"When parents cast a child into the role of mediator, friend and carer, the wounds are profound. But recovery is possible"
Childhood and adolescence,Childhood and adolescence - 10.txt,Little girls sign up to play chess in droves. So why are so few of the world’s top players women?
Childhood and adolescence,Childhood and adolescence - 11.txt,"Adversity in childhood can create long-lasting scars, damaging our cells and our DNA, and making us sick as adults"
Childhood and adolescence,Childhood and adolescence - 12.txt,"The stigma of depression is lifting on social media, so if suicide is signalled in your newsfeed, should you intervene?"
Childhood and adolescence,Childhood and adolescence - 13.txt,"We prize originality, yet humans are natural-born copycats and only good imitators survive. Is it time to celebrate the rip-off?"
Childhood and adolescence,Childhood and adolescence - 14.txt,"Storms of doubt and change I expected as the parent of an adolescent, I just thought they would be hers, not mine"
Childhood and adolescence,Childhood and adolescence - 15.txt,Our first three years are usually a blur and we don’t remember much before age seven. What are we hiding from ourselves?
Childhood and adolescence,Childhood and adolescence - 16.txt,Everyone thinks that too much praise can turn children into entitled monsters but the science isn’t nearly that simple
Childhood and adolescence,Childhood and adolescence - 17.txt,"Between the ages of 8 and 12 many kids fall in love with a sports team, but what makes that love last a lifetime?"
Childhood and adolescence,Childhood and adolescence - 18.txt,"Living with your parents, single and with no clear career. Is this a failure to grow up or a whole new stage of life?"
Childhood and adolescence,Childhood and adolescence - 19.txt,John Mack was a Harvard scientist who took extraterrestrial abduction seriously. Is he the reason I like misfits?
Childhood and adolescence,Childhood and adolescence - 2.txt,"Adolescence isn’t a time of life so much as a frame of mind. Liberating yet damaging, it’s transformed the US and the world"
Childhood and adolescence,Childhood and adolescence - 20.txt,"He skated over knowledge, it’s true, but Colin Wilson exhilarated a generation with the bold possibilities of life"
Childhood and adolescence,Childhood and adolescence - 21.txt,Why is the smell and taste of some foods so evocative of the past? I spent a day eating childhood favourites to find out
Childhood and adolescence,Childhood and adolescence - 22.txt,No wonder adolescents jump off cliffs and fall in crazy love  – they are constantly stifled by school and society alike
Childhood and adolescence,Childhood and adolescence - 23.txt,My grandfather was a legend – a holy vagabond whose life spanned India’s 20th century. Why did I let him elude me?
Childhood and adolescence,Childhood and adolescence - 24.txt,These American teens look up to their strong mothers and believe in equal rights. So why won’t they use the F-word?
Childhood and adolescence,Childhood and adolescence - 25.txt,Children today are cossetted and pressured in equal measure. Without the freedom to play they will never grow up
Childhood and adolescence,Childhood and adolescence - 26.txt,"How can scientists act ethically when they are studying the victims of a human tragedy, such as the Romanian orphans?"
Childhood and adolescence,Childhood and adolescence - 27.txt,Imaginary friends can seem to have a life of their own. Where do they go when their human creators grow up?
Childhood and adolescence,Childhood and adolescence - 28.txt,Is our culture quietly hostile to something deeply important – loving our children in a genuine and attentive way?
Childhood and adolescence,Childhood and adolescence - 29.txt,"My mom is a futurist, that peculiar subclass of optimists who believe they can see the day after tomorrow coming"
Childhood and adolescence,Childhood and adolescence - 3.txt,"From cradle to grave, we are soothed and rocked by attachments – our source of joy and pain, and the essence of who we are"
Childhood and adolescence,Childhood and adolescence - 30.txt,"Sadness, anger, disappointment: for once, I saw the perfect storm behind her mask of adolescent indifference"
Childhood and adolescence,Childhood and adolescence - 31.txt,Adults may feel exiled from the intensity and sweetness of childhood places. But perhaps there are surprising ways home
Childhood and adolescence,Childhood and adolescence - 32.txt,Volcanic feelings of love and hate are part of being a parent: it’s dangerous to pretend otherwise
Childhood and adolescence,Childhood and adolescence - 33.txt,"After decades under a Soviet stranglehold of rote learning, Lithuania’s schools are opening the doors to creativity"
Childhood and adolescence,Childhood and adolescence - 34.txt,"Only a handful of all the animal species on earth can be tamed, but that doesn’t stop a homesick girl of 15 from trying"
Childhood and adolescence,Childhood and adolescence - 35.txt,Schools are in the business of forming character – so what kind of people will thrive in the 21st century?
Childhood and adolescence,Childhood and adolescence - 4.txt,"When a parent dies by suicide, how the children are told casts a permanent shadow on their understanding of life and loss"
Childhood and adolescence,Childhood and adolescence - 5.txt,Once parents felt children needed a little fear to grow up well. Today they are desperately protective. What went wrong?
Childhood and adolescence,Childhood and adolescence - 6.txt,In the 20th century it offered a bridge from the innocence of childhood to the responsibilities of adult life. Not any more
Childhood and adolescence,Childhood and adolescence - 7.txt,Parents expect to know everything about their children’s lives. They need to remember that secrets are part of growing up
Childhood and adolescence,Childhood and adolescence - 8.txt,"I am an atheist, and suspicious of sugar-coated evasions. So how can I explain death to my son without fudging the truth?"
Childhood and adolescence,Childhood and adolescence - 9.txt,"Our culture is rich with esteem-boosting platitudes for young dreamers, but the assurances are dishonest and dangerous"
Cities,Cities - 1.txt,"In Nanjing, Hong Kong and other Chinese cities, rapid urbanisation is multiplying a fear of death and belief in ghosts"
Cities,Cities - 10.txt,"Sociologist Georg Simmel diagnosed the character of modern city life: finance, fashion and becoming strangers to one another"
Cities,Cities - 11.txt,"When you stare at your phone or use Uber to navigate your neighbourhood, you flatten the rich texture of urban life"
Cities,Cities - 12.txt,"High in the Andes, Potosí supplied the world with silver, and in return reaped goods and peoples from Burma to Baghdad"
Cities,Cities - 13.txt,"Urbanisation might be the most profound change to human society in a century, more telling than colour, class or continent"
Cities,Cities - 14.txt,"Nation-states came late to history, and there’s plenty of evidence to suggest they won’t make it to the end of the century"
Cities,Cities - 15.txt,"When we think of urban public space in terms of competing rights, we create a battleground. Is there a better way to share?"
Cities,Cities - 16.txt,"The utopian workplace is here, complete with roof gardens, therapists and time to nap. Can the employee ever escape?"
Cities,Cities - 17.txt,San Francisco’s homeless are harangued and despised while conservative Utah has a radically humane approach
Cities,Cities - 18.txt,"In Orwellian fashion, Americans have been stripped of the right to walk, challenging their humanity, freedom and health"
Cities,Cities - 19.txt,"Bed bugs crawl under our covers, suck our blood and disappear, leaving us on a razor’s edge between reality and delusion"
Cities,Cities - 2.txt,My dad grew up in Robert Moses’s New York City. His story is a testament to how urban planning shapes countless lives
Cities,Cities - 20.txt,"Human sprawl is usually a threat to wildlife, but birds buck the trend. Can we help biodiversity take wing in our suburbs?"
Cities,Cities - 21.txt,Crowds aren’t really crazed – they are made of highly co-operative individuals driven to shared interests and goals
Cities,Cities - 22.txt,"Green living in NYC need not be simple living –  think skyscraper farms, meat-production towers and revamped aqueducts"
Cities,Cities - 23.txt,Reclaiming the streets through civic participation does more than change the city: it creates citizens
Cities,Cities - 24.txt,"Most of us now live in cities, so it is within the metropolis that our future salvation or death warrant will be drafted"
Cities,Cities - 25.txt,"Loneliness can be a shameful hunger, a shell, a dangerous landscape of shadowy figures. But it is also a gift"
Cities,Cities - 26.txt,"Once a route to riches and empire, the sea is now lapping at the future of Venice and other great maritime cities"
Cities,Cities - 3.txt,Urban density was once seen as a sign of unhealthiness and poverty. But today it is necessary to make cities sustainable
Cities,Cities - 4.txt,"The city, for all its mechanical speed, artificial light and industrialisation, is the most uncanny of human habitats"
Cities,Cities - 5.txt,"To understand why early cities thrived, look not to the temples of kings but to their subjects’ bustling neighbourhoods"
Cities,Cities - 6.txt,They are spreading like branching plants across the globe. Should we rein cities in or embrace their biomorphic potential?
Cities,Cities - 7.txt,"Entangled with, yet critical of, colonial oppression and the evils of slavery, the true history of Boston can now be told"
Cities,Cities - 8.txt,The exclusion of poorer people from their own neighbourhoods is not just a social problem but a philosophical one
Cities,Cities - 9.txt,"From Ancient Egypt’s deltas to Edinburgh’s crags and peaks, the city pushes back against the dream of human separateness"
Cognition and intelligence,Cognition and intelligence - 1.txt,"Maybe not, but if that’s the threshold you use for creativity in your life, you are coming at the problem all wrong"
Cognition and intelligence,Cognition and intelligence - 10.txt,The challenge of chess – learning how to hold complexity in mind and still make good decisions – is also the challenge of life
Cognition and intelligence,Cognition and intelligence - 11.txt,Feminists never bought the idea of the computational mind set free from its body. Cognitive science is finally catching up
Cognition and intelligence,Cognition and intelligence - 12.txt,"Our thinking devices – imitation, mind-reading, language and others – are neither hard-wired nor designed by genetic evolution"
Cognition and intelligence,Cognition and intelligence - 13.txt,Aptitude and IQ tests are used to distinguish those young people who deserve a chance from those who do not. Do they work?
Cognition and intelligence,Cognition and intelligence - 14.txt,Elephants might have the necessary capacities for personhood – we just need to help them acquire the cognitive scaffolding
Cognition and intelligence,Cognition and intelligence - 15.txt,"A new interpretation of a classic psychology experiment will change your view of perception, judgment – even human nature"
Cognition and intelligence,Cognition and intelligence - 16.txt,Across vast cultural divides people can understand one another through gesture. Does that make it a universal language?
Cognition and intelligence,Cognition and intelligence - 17.txt,"The brainwashing methods of isolation, engulfment and fear can lead anyone to a cult. I should know – I was in one"
Cognition and intelligence,Cognition and intelligence - 18.txt,"Not busy-work, ticking off to-do lists or keeping-up-with-stuff. Just sitting. And thinking. Is it so hard?"
Cognition and intelligence,Cognition and intelligence - 19.txt,"Social problems are fantastically complex, while human minds are severely under-engineered. Is democracy doomed?"
Cognition and intelligence,Cognition and intelligence - 2.txt,Powerful tricks from computer science and cybernetics show how evolution ‘hacked’ its way to intelligence from the bottom up
Cognition and intelligence,Cognition and intelligence - 20.txt,Intelligence has always been used as fig-leaf to justify domination and destruction. No wonder we fear super-smart robots
Cognition and intelligence,Cognition and intelligence - 21.txt,"Brain-training games won’t boost your IQ, but a host of strategies can improve your cognitive abilities one piece at a time"
Cognition and intelligence,Cognition and intelligence - 22.txt,"Rousseau’s non-linear style of thought, restless spirit and chaotic mood swings also made him one of history’s greats"
Cognition and intelligence,Cognition and intelligence - 23.txt,"My father was hopelessly, joyously addicted to gambling and I his moral critic. How did I end up playing pro blackjack?"
Cognition and intelligence,Cognition and intelligence - 24.txt,A hidden sense of smell might account for the mysterious sixth sense and a universe of subtle knowledge about the world
Cognition and intelligence,Cognition and intelligence - 25.txt,"Like IQ or EQ, there should be FQ: a freedom quotient to show how much free will we have – and how to get more"
Cognition and intelligence,Cognition and intelligence - 26.txt,"We have this powerful sense that death is a transition, not an end. Why can’t we imagine a world without us?"
Cognition and intelligence,Cognition and intelligence - 27.txt,We could build an artificial brain that believes itself to be conscious. Does that mean we have solved the hard problem?
Cognition and intelligence,Cognition and intelligence - 28.txt,"Throughout evolutionary history, we never saw anything like a montage. So why do we hardly notice the cuts in movies?"
Cognition and intelligence,Cognition and intelligence - 29.txt,"Across time and culture, stories have been agents of personal transformation – in part because they change our brains"
Cognition and intelligence,Cognition and intelligence - 3.txt,"Cognition did not appear out of nowhere in ‘higher’ animals but goes back millions, perhaps billions, of years"
Cognition and intelligence,Cognition and intelligence - 30.txt,"What I learned about fear, sex, desire and dread from the peculiar pleasures of diving with great white sharks"
Cognition and intelligence,Cognition and intelligence - 31.txt,"We are told that we are an irrational tangle of biases, to be nudged any which way. Does this claim stand to reason?"
Cognition and intelligence,Cognition and intelligence - 32.txt,"Humans are wired for bad news, angry faces and sad memories. Is this negativity bias useful or something to overcome?"
Cognition and intelligence,Cognition and intelligence - 33.txt,Movies and memoirs give us a romantic view of living with a child with Asperger’s but the reality is very different
Cognition and intelligence,Cognition and intelligence - 34.txt,"Albert Einstein was a genius, but he wasn’t the only one – why has his name come to mean something superhuman?"
Cognition and intelligence,Cognition and intelligence - 35.txt,Why do we listen to our favourite music over and over again? Because repeated sounds work magic in our brains
Cognition and intelligence,Cognition and intelligence - 36.txt,Pain and suffering are not just incidental elements of the sporting life: they are at the centre of every game
Cognition and intelligence,Cognition and intelligence - 37.txt,"Quick decision-making might seem bold, but the agony of indecision is your brain’s way of making a better choice"
Cognition and intelligence,Cognition and intelligence - 38.txt,What goes on in our minds when we see someone naked? The more we see of a person’s body the stupider they seem
Cognition and intelligence,Cognition and intelligence - 39.txt,"Our age reveres the specialist but humans are natural polymaths, at our best when we turn our minds to many things"
Cognition and intelligence,Cognition and intelligence - 4.txt,Knowing the content of one’s own mind might seem straightforward but in fact it’s much more like mindreading other people
Cognition and intelligence,Cognition and intelligence - 40.txt,Our instincts for privacy evolved in tribal societies where walls didn’t exist. No wonder we are hopeless oversharers
Cognition and intelligence,Cognition and intelligence - 41.txt,"Shyness is a part of being human. The world would be a more insipid, less creative place without it"
Cognition and intelligence,Cognition and intelligence - 42.txt,The ways in which jumping spiders see and map the world help to illuminate the mystery of human memory
Cognition and intelligence,Cognition and intelligence - 5.txt,I travelled the world and trawled the archive to unearth the hidden lessons from history’s most brilliant people
Cognition and intelligence,Cognition and intelligence - 6.txt,"The urge to align our minds and emotions with those we care for, whether they are near or far, makes our species unique"
Cognition and intelligence,Cognition and intelligence - 7.txt,"Psychological science can now measure and nurture wisdom, superseding the speculations of philosophy and religion"
Cognition and intelligence,Cognition and intelligence - 8.txt,Theories of perception are heavily tilted to the visual: we have much to learn from our surprisingly acute sense of smell
Cognition and intelligence,Cognition and intelligence - 9.txt,"Are your decisions made by your brain, or via the experience of the world relative to your body? A dialogue on consciousness"
Comparative philosophy,Comparative philosophy - 1.txt,"A 17th-century classic of Ethiopian philosophy might be a fake. Does it matter, or is that just how philosophy works?"
Comparative philosophy,Comparative philosophy - 2.txt,"Practice is at the heart of Korean philosophy. In order to lead a good life, hone your daily rituals of self-cultivation"
Comparative philosophy,Comparative philosophy - 3.txt,"It’s shocking that histories of medieval philosophy celebrate only Christian thinkers, ignoring Islamic and Jewish thought"
Comparative philosophy,Comparative philosophy - 4.txt,"Philosophy was once a woman’s world, ranging across Asia, Africa and Latin America. It’s time to reclaim that lost realm"
Complexity,Complexity - 1.txt,"Is a great team more than the sum of its players? Complexity science reveals the role of strategy, synergy, swarming and more"
Complexity,Complexity - 2.txt,The pandemic is an unprecedented opportunity – seeing human society as a complex system opens a better future for us all
Computing and artificial intelligence,Computing and artificial intelligence - 1.txt,"As the power of AI grows, we need to have evidence of its sentience. That is why we must return to the minds of animals"
Computing and artificial intelligence,Computing and artificial intelligence - 10.txt,"From algorithms to aliens, could humans ever understand minds that are radically unlike our own?"
Computing and artificial intelligence,Computing and artificial intelligence - 11.txt,"Machines seem to be getting smarter and smarter and much better at human jobs, yet true AI is utterly implausible. Why?"
Computing and artificial intelligence,Computing and artificial intelligence - 12.txt,"Persecuted little guy, or powerful revolutionary – what sort of wunderkind was Aaron Swartz?"
Computing and artificial intelligence,Computing and artificial intelligence - 13.txt,Our laptops are sleek and polished. Our operating systems are fluid and intuitive. Computing is easy and that’s a problem
Computing and artificial intelligence,Computing and artificial intelligence - 14.txt,"A new wave of videogames offers lessons in powerlessness, scarcity and inevitable failure. What makes them so compelling?"
Computing and artificial intelligence,Computing and artificial intelligence - 15.txt,"Thanks to new technology, sex toys are becoming tools for connection – but will sexbots reverse that trend?"
Computing and artificial intelligence,Computing and artificial intelligence - 16.txt,"As kids, we make secret worlds – in trees, in our imaginations, even online – but can we go back to them when we’re grown?"
Computing and artificial intelligence,Computing and artificial intelligence - 17.txt,"The invasion has already begun: the only question is when, not if, humanoid robots will work, play and war beside us"
Computing and artificial intelligence,Computing and artificial intelligence - 18.txt,"Philosophers and physicists say we might be living in a computer simulation, but how can we tell? And does it matter?"
Computing and artificial intelligence,Computing and artificial intelligence - 19.txt,Human ingenuity has created a world that the mind cannot master. Have we finally reached our limits?
Computing and artificial intelligence,Computing and artificial intelligence - 2.txt,"Hot, strenuous and unsung. There is nothing soft and fluffy about the caretaking work that enables our digital lives"
Computing and artificial intelligence,Computing and artificial intelligence - 20.txt,"The question is not whether we can upload our brains onto a computer, but what will become of us when we do"
Computing and artificial intelligence,Computing and artificial intelligence - 21.txt,"In economics, climate science and public health, computer models help us decide how to act. But can we trust them?"
Computing and artificial intelligence,Computing and artificial intelligence - 22.txt,"It costs nothing to click, respond and retweet. But what price do we pay in our relationships and our peace of mind?"
Computing and artificial intelligence,Computing and artificial intelligence - 23.txt,"What to eat, when to meditate and whether to call your parents: can self-monitoring tools make a difference?"
Computing and artificial intelligence,Computing and artificial intelligence - 24.txt,When we peer into the fog of the deep future what do we see – human extinction or a future among the stars?
Computing and artificial intelligence,Computing and artificial intelligence - 25.txt,The very laws of physics imply that artificial intelligence must be possible. What’s holding us up?
Computing and artificial intelligence,Computing and artificial intelligence - 3.txt,"Alan Turing was a pioneer of machine learning, whose work continues to shape the crucial question: can machines think?"
Computing and artificial intelligence,Computing and artificial intelligence - 4.txt,Can a robot pray? Does an AI have a soul? Advances in automata raise theological debates that will shape the secular world
Computing and artificial intelligence,Computing and artificial intelligence - 5.txt,"Self-driving cars don’t drink and medical AIs are never overtired. Given our obvious flaws, what can humans still do best?"
Computing and artificial intelligence,Computing and artificial intelligence - 6.txt,"Mary Shelley foresaw that artificial intelligence would be made monstrous, not by human hubris but by human cruelty"
Computing and artificial intelligence,Computing and artificial intelligence - 7.txt,"From book critiques to music choices, computation is changing aesthetics. Does increasingly average perfection lie ahead?"
Computing and artificial intelligence,Computing and artificial intelligence - 8.txt,The most avid believers in artificial intelligence are aggressively secular – yet their language is eerily religious. Why?
Computing and artificial intelligence,Computing and artificial intelligence - 9.txt,We already have a way to teach morals to alien intelligences: it’s called parenting. Can we apply the same methods to robots?
Consciousness and altered states,Consciousness and altered states - 1.txt,Have you been here before? The eerie sensation is the shadow of your mind searching inward for clues to its own survival
Consciousness and altered states,Consciousness and altered states - 10.txt,"Psychedelics offer a sense of expansive connectedness, just like astronauts have felt looking back to Earth from space"
Consciousness and altered states,Consciousness and altered states - 11.txt,"The writer and Trappist monk Thomas Merton embodied a paradox, chasing both the purity of silence and the need to break it"
Consciousness and altered states,Consciousness and altered states - 12.txt,"Do psychedelics give access to a universal, mystical experience of reality, or is that just a culture-bound illusion?"
Consciousness and altered states,Consciousness and altered states - 13.txt,Psychedelics have a remarkable capacity to violate our ideas about ourselves. Is that why they make people better?
Consciousness and altered states,Consciousness and altered states - 14.txt,The special trick of consciousness is being able to project action and time into a range of possible futures
Consciousness and altered states,Consciousness and altered states - 15.txt,The grand drama of Freud’s ideas has obscured the reality: every school of psychology needs a theory of the unconscious
Consciousness and altered states,Consciousness and altered states - 16.txt,"Scientific research says it’s safer to drive high than straight, right? Wrong. Here are the phantom studies to (un)prove it"
Consciousness and altered states,Consciousness and altered states - 17.txt,"New evidence suggests that we can learn while we sleep, but do we really want to put our hours of rest to work?"
Consciousness and altered states,Consciousness and altered states - 18.txt,"Just when you crave one more sensual hit, the void of the float tank stops time, strips ego and  unleashes the mind"
Consciousness and altered states,Consciousness and altered states - 19.txt,New research puts us on the cusp of brain-to-brain communication. Could the next step spell the end of individual minds?
Consciousness and altered states,Consciousness and altered states - 2.txt,"Cruel and unscientific, the ‘vegetative state’ diagnosis stems from a hierarchical and bigoted view of all living things"
Consciousness and altered states,Consciousness and altered states - 20.txt,Today’s bitter craft beers are dominated by hoppy preservatives. How did they taste back when brewers were shamans?
Consciousness and altered states,Consciousness and altered states - 21.txt,Sleep paralysis has tormented me since childhood. But now it’s my portal to out-of-body travel and lucid dreams
Consciousness and altered states,Consciousness and altered states - 22.txt,How did enlightenment thinkers distinguish between ‘drugs’ and ‘medicines’? And how should we?
Consciousness and altered states,Consciousness and altered states - 23.txt,Researchers are giving psychedelics to cancer patients to help alleviate their despair — and it’s working
Consciousness and altered states,Consciousness and altered states - 24.txt,On Mars I learned that boredom has two sides – it can either rot the mind or rocket it to new places
Consciousness and altered states,Consciousness and altered states - 25.txt,‘He’s got a lot of energy’ they told us at the shelter. How Cooper’s antics drove me to deal with my own skittish brain
Consciousness and altered states,Consciousness and altered states - 26.txt,"Travel the world, but work on New York time. This is what I learned about circadian rhythms by unravelling my own"
Consciousness and altered states,Consciousness and altered states - 27.txt,Forget prophecy and wisdom. Using the I Ching is a weirdly useful way to open your mind to life’s unexpected twists
Consciousness and altered states,Consciousness and altered states - 28.txt,Consciousness is the greatest mystery in science. Don’t believe the hype: the Hard Problem is here to stay
Consciousness and altered states,Consciousness and altered states - 29.txt,"Prohibition lingers on, but with pocket-sized vaporizers, marijuana users can get high wherever they please"
Consciousness and altered states,Consciousness and altered states - 3.txt,"The idea of the soul is obviously a nonsense, yet its immaterial mysterious nature has deep hooks in the human psyche"
Consciousness and altered states,Consciousness and altered states - 30.txt,I strapped TDCS electrodes to my head to see if I could make myself smarter by stimulating my brain. Here’s what happened
Consciousness and altered states,Consciousness and altered states - 31.txt,"Consciousness is the ‘hard problem’, the one that confounds science and philosophy. Has a new theory cracked it?"
Consciousness and altered states,Consciousness and altered states - 32.txt,Digital technology allows us to lose ourselves in ever more immersive fantasy worlds. But what are we fleeing from?
Consciousness and altered states,Consciousness and altered states - 33.txt,"The peculiar vividness of the world becomes clear when we slow down and attend, learning to see all things anew"
Consciousness and altered states,Consciousness and altered states - 34.txt,"Tears of sorrow, tears of joy, tears of incontinence or of ecstasy. Crying must mean something – but what?"
Consciousness and altered states,Consciousness and altered states - 35.txt,Why wait for the loss of hearing to appreciate sound? Turn off the white noise of your thoughts and start to listen
Consciousness and altered states,Consciousness and altered states - 36.txt,Human awareness of our own minds and others’ is unlike that of any other animal. But why did consciousness evolve?
Consciousness and altered states,Consciousness and altered states - 37.txt,A new generation of researchers is heading into the weird world of psychedelic drugs. It could change their minds
Consciousness and altered states,Consciousness and altered states - 38.txt,"What is the greatest human gift? It is metaphor, carrying a cargo of meaning across the oceans that divide us"
Consciousness and altered states,Consciousness and altered states - 39.txt,Ineffable encounters and moments of ego-transcendence can be quite matter-of-fact. What’s really going on?
Consciousness and altered states,Consciousness and altered states - 4.txt,An evolutionary approach to consciousness can resolve the ‘hard problem’ – with radical implications for animal sentience
Consciousness and altered states,Consciousness and altered states - 40.txt,"How I found my way out of depression, thanks to the writings of the English priest who brought Buddhism to the West"
Consciousness and altered states,Consciousness and altered states - 5.txt,Spiritual highs and mental breakdowns are both products of the same evolved brain system granting us the power to transform
Consciousness and altered states,Consciousness and altered states - 6.txt,"Instead of a code encrypted in the wiring of our neurons, could consciousness reside in the brain’s electromagnetic field?"
Consciousness and altered states,Consciousness and altered states - 7.txt,"After years of deep therapeutic pessimism, emerging therapies offer hope for patients trapped between coma and wakefulness"
Consciousness and altered states,Consciousness and altered states - 8.txt,Consciousness is neither a spooky mystery nor an illusory belief. It’s a valid and causally efficacious biological reality
Consciousness and altered states,Consciousness and altered states - 9.txt,Phenomenal consciousness is a fiction written by our brains to help us track the impact that the world makes on us
Cosmology,Cosmology - 1.txt,"The Universe cannot always be understood through observation. Instead, physicists explore by devising thought experiments"
Cosmology,Cosmology - 10.txt,Maybe we don’t have to speculate about what life is like inside a bubble. It might be the only cosmic reality we know
Cosmology,Cosmology - 11.txt,Ripples in space-time could herald the demise of general relativity and its replacement by a quantum theory of gravity
Cosmology,Cosmology - 12.txt,Could meteorites be akin to lifeboats from other planets? Or do they reveal more about life on Earth than off it?
Cosmology,Cosmology - 13.txt,"Space is for sale. And if we want to get serious about our interplanetary ambitions, that could be a good thing"
Cosmology,Cosmology - 14.txt,"Our latest message to ET could be full of LOLcats and celebs. We should try to do better, or keep quiet altogether"
Cosmology,Cosmology - 15.txt,Elon Musk argues that we must put a million people on Mars if we are to ensure that humanity has a future
Cosmology,Cosmology - 16.txt,We can point to our home on a globe and find Earth in a model of the solar system but where are we in the Milky Way?
Cosmology,Cosmology - 17.txt,"Like evangelists, astronauts travel far and return with glad tidings. But however high they ascend, they’re only human"
Cosmology,Cosmology - 18.txt,Is our Universe fine-tuned for the existence of life – or does it just look that way from where we’re sitting?
Cosmology,Cosmology - 19.txt,Ditching the leap second would mean decoupling clock time from the Earth’s rotation – from day and night itself
Cosmology,Cosmology - 2.txt,"Could primordial black holes from the beginning of time explain ‘dark matter’, the mysterious missing mass in the Universe?"
Cosmology,Cosmology - 20.txt,Planets in potato fields and asteroids in gravel: how a Maine highway illuminates the strange history of the solar system
Cosmology,Cosmology - 21.txt,Living in space was meant to be our next evolutionary step. What happened to the dream of the final frontier?
Cosmology,Cosmology - 22.txt,"We’re still here, which means we have a vacancy for an apocalypse scenario. The one we choose could be revealing"
Cosmology,Cosmology - 3.txt,"There’s a new plan to find extraterrestrial civilisations by the way they live. But if we can see them, can they see us?"
Cosmology,Cosmology - 4.txt,"Most cosmologists say dark matter must exist. So far, it’s nowhere to be found. A widely scorned rival theory explains why"
Cosmology,Cosmology - 5.txt,"Our planet is a tiny porthole, looking over a cosmic sea. Can we learn what lies beyond our own horizons of perception?"
Cosmology,Cosmology - 6.txt,Are we part of a dying reality or a blip in eternity? The value of the Hubble Constant could tell us which terror awaits
Cosmology,Cosmology - 7.txt,Are you here now? Impossible to say. The idea that any group of events can truly happen at once is just an illusion
Cosmology,Cosmology - 8.txt,Claims that the Universe is designed for humans raise far more troubling questions than they can possibly answer
Cosmology,Cosmology - 9.txt,"Ever since Heisenberg and Tagore, physicists have flirted with Eastern philosophy. Is there anything in the romance?"
Cosmopolitanism,Cosmopolitanism - 1.txt,"I left the US, the land of my birth, sickened by racial injustice. But the return to a homeland is not a simple matter"
Cosmopolitanism,Cosmopolitanism - 2.txt,"With its revolutionary heat and rational cool, French thought once dazzled the world. Where did it all go wrong?"
Cosmopolitanism,Cosmopolitanism - 3.txt,Hannah Arendt knew how to be a pariah. Is that the key to being a 21st-century cosmopolitan?
Cosmopolitanism,Cosmopolitanism - 4.txt,"Islands are a natural laboratory for science, they gave us evolution. But isolation is no model for a cosmopolitan age"
Cosmopolitanism,Cosmopolitanism - 5.txt,You don’t have to be a monster or a madman to dehumanise others. You just have to be an ordinary human being
Cosmopolitanism,Cosmopolitanism - 6.txt,"World government is back, in geopolitics and in the academy, but what does the future hold for it?"
Cosmopolitanism,Cosmopolitanism - 7.txt,"Contrary to popular belief, migration from Muslim countries is one reason why Europe is becoming more secular, not less"
Cosmopolitanism,Cosmopolitanism - 8.txt,"It’s not just me, you and everyone we know. Citizens of the world have moral obligations to a wider circle of humanity"
Dance and theatre,Dance and theatre - 1.txt,"Imagination is a powerful tool, a sixth sense, a weapon. We must be careful how we use it, in life as on stage or screen"
Dance and theatre,Dance and theatre - 2.txt,"A devastating loss can shatter the façade we put up for others, exposing our deepest, rawest self. A work of art can do the same"
Dance and theatre,Dance and theatre - 3.txt,"Does heckling let the real comedian stand up and shine, or does it trample a punchline and mangle a routine?"
Dance and theatre,Dance and theatre - 4.txt,"Theatre provides stimulus for psychotic, schizophrenic and depressed patients, but can it improve their mental health?"
Dance and theatre,Dance and theatre - 5.txt,"You might not be a virtuoso, but you have remarkable music abilities. You just don’t know about them yet"
Dance and theatre,Dance and theatre - 6.txt,"Life on the road with a rock band: memories blur, cities blend. Only in the frenzy of performance does the world pause"
Dance and theatre,Dance and theatre - 7.txt,"While we are in the arms of another and the music sings of time, and chance passing, we are in the eye of the storm"
Dance and theatre,Dance and theatre - 8.txt,"At the O+ festival, musicians and artists barter their talents for medical care. A new social contract in action?"
Death,Death - 1.txt,We no longer have a clear sense of how to introduce our children to death. But their questions can help us face up to it
Death,Death - 10.txt,"Is the heaven tourism memoir spiritual kitsch for the superficial seeker, or an earnest attempt to wrestle with death?"
Death,Death - 11.txt,There are few fantasies so absurd as the idea of living on through fame. So why does immortality still beckon?
Death,Death - 12.txt,"Nobody wants a protracted, dehumanised death: why is it still so easy for doctors to ignore a dying patient’s wishes?"
Death,Death - 13.txt,It’s a modern dream that we can plan a good and peaceful death but what can we really do to meet the end of all we are?
Death,Death - 14.txt,The death of a fly is utterly insignificant – or it’s a catastrophe. How much should we worry about what we squash?
Death,Death - 15.txt,"Like the deadly pufferfish, wild mushrooms are for culinary daredevils. Care to play Russian roulette with your dinner?"
Death,Death - 16.txt,"As we mourn the poet, do we not mourn the loss of what he had in his keeping: a way of living that served us for aeons?"
Death,Death - 17.txt,"My Facebook page may be part of my identity, but can it give me a virtual afterlife?"
Death,Death - 18.txt,The idea of life after death lives on in near-death experiences and messages from beyond the grave. What’s the evidence?
Death,Death - 19.txt,There are not enough whole-body donations to science. Why don’t people want their death to help the living?
Death,Death - 2.txt,"The fear of death drives many evils, from addiction to prejudice and war. Can it also be harnessed as a force for good?"
Death,Death - 20.txt,Death has become too sanitised. It needs raucous laughter and a little bit of living to make it real again
Death,Death - 21.txt,"When someone close to you dies, the very fabric of your life is ripped to shreds. Is philosophy any consolation?"
Death,Death - 22.txt,Is cryonics an ambulance into the future or the latest twist on our ancient fantasy of rebirth?
Death,Death - 23.txt,Just after my father died an uncanny diving encounter with a giant sailfish spoke to me of life’s mysterious connections
Death,Death - 24.txt,The dead are no longer welcome at their own funerals. So how can the living send them on their way?
Death,Death - 25.txt,Death rites have become private and tepid affairs. The Burning Man Temple brings a fiery edge to modern mourning
Death,Death - 3.txt,"When a person goes missing, in war or in ordinary life, their story is cut off mid-sentence. A death can be easier to bear"
Death,Death - 4.txt,"It takes a lifetime of preparation to grieve as the Stoics did – without weeping and wailing, but with a heart full of love"
Death,Death - 5.txt,Being with someone in death entails more than just physical wellbeing. Can end-of-life care make space for spirituality?
Death,Death - 6.txt,It is a decision that no parent should have to make: should we let our very sick baby die before she is born?
Death,Death - 7.txt,"Even without a hereafter, dying gets a bad rap. But why exactly is it no good – because of what happens, or what doesn’t?"
Death,Death - 8.txt,With the rise of the internet has come a popular surge in people looking to be freaked out. Why?
Death,Death - 9.txt,"Writing my father’s epitaph, I realised love of food trumped love of grandchildren – should his headstone reflect that?"
Deep time,Deep time - 1.txt,"Splitting the African continent, it is the only place where our human story can be read continuously from the very start"
Deep time,Deep time - 10.txt,A chronicle of climates past and a portent of climates to come – the telling rings of the bristlecone pine
Deep time,Deep time - 2.txt,"As Neolithic people transformed prehistoric forests, they stumbled into an ecological trap. Domestication goes both ways"
Deep time,Deep time - 3.txt,"Wild, feral and fossil-fuelled, fire lights up the globe. Is it time to declare that humans have created a Pyrocene?"
Deep time,Deep time - 4.txt,"Humans have been altering Earth for millennia, but only now are we wise to what we’re doing. How will we use that wisdom?"
Deep time,Deep time - 5.txt,"Does history unfold randomly and by chance, or are there underlying patterns and deep connections between its parts?"
Deep time,Deep time - 6.txt,Dinosaur collecting isn’t just for museums any more – film stars and sheikhs do it too. What drives a man to covet big bones?
Deep time,Deep time - 7.txt,"Light travels at around 300,000 km per second. Why not faster? Why not slower? A new theory inches us closer to an answer"
Deep time,Deep time - 8.txt,"Was human evolution inevitable, or do we owe our existence to a once-in-a-universe stroke of luck?"
Deep time,Deep time - 9.txt,In the race for geology’s highest accolade – a ‘golden spike’ – do advocates of the Anthropocene sell their ideas short?
Demography and migration,Demography and migration - 1.txt,Asian sailors came to the west coast of America in 1587. Within a century they were settled in colonies from Mexico to Peru
Demography and migration,Demography and migration - 10.txt,Women with money and education tend to get and stay married in America. Why aren’t working-class women the same?
Demography and migration,Demography and migration - 11.txt,"Libertarians are united by opposition to government, but when it comes to planning a new society they are deeply divided"
Demography and migration,Demography and migration - 12.txt,"My connection to place is fluid and complex. In a nomadic world, do we still need a home?"
Demography and migration,Demography and migration - 13.txt,Young Pakistanis have more opportunity than ever to change the country. But what will they do with their freedom?
Demography and migration,Demography and migration - 14.txt,"Should nations stay within their historical boundaries, or change as their populations do? Kosovo is a cautionary tale"
Demography and migration,Demography and migration - 15.txt,Romany and Traveller songs inspired a century of popular music. Now Sam Lee is searching for the last of them
Demography and migration,Demography and migration - 16.txt,"‘You need to fill that in, love,’ they told me at the jobcentre. Would my communist work experience count in the UK?"
Demography and migration,Demography and migration - 17.txt,There’s a reason why the Bible is silent about the colour of Jesus’ skin. So why has this become an issue for our age?
Demography and migration,Demography and migration - 18.txt,"When I left Nigeria for Belgium, I made my husband’s home my own. But homesickness lodged like a stone inside"
Demography and migration,Demography and migration - 19.txt,"Chinese parents bemoan their children’s laziness and greed, but this generation of young people has had enough"
Demography and migration,Demography and migration - 2.txt,Workers in the West have indeed been repressed – but not by immigrants. The policies of their own governments are to blame
Demography and migration,Demography and migration - 20.txt,"Forget ideals of milk and honey. Peace is found in the grit of everyday life, in a town that takes in troubled strangers"
Demography and migration,Demography and migration - 21.txt,"In taking the logic of settlement to extremes and shutting out minorities of every stripe, Israel damages only itself"
Demography and migration,Demography and migration - 22.txt,"Spanish high spirits die hard, but when a generation is moving overseas or in with parents, the party can’t last"
Demography and migration,Demography and migration - 23.txt,"Despite its turmoil, ever more people are risking their lives to enter Greece. Welcome to Europe’s most porous border"
Demography and migration,Demography and migration - 3.txt,"To respect exiles as real and important political actors, we should get over casting them as saints, threats or victims"
Demography and migration,Demography and migration - 4.txt,"The ultimate ‘outsider’ space, the Jungle refugee camp in Calais became its own society, the no-borders idea made real"
Demography and migration,Demography and migration - 5.txt,"And so is the past. Migration and mingling are essential to human success in the past, the present and into the future"
Demography and migration,Demography and migration - 6.txt,"The idea that American life is increasingly transient and uprooted is a myth: people are moving less, but worrying more"
Demography and migration,Demography and migration - 7.txt,‘Roots’ sparked an African-American quest for identity through family history. Does DNA finally provide firm grounds?
Demography and migration,Demography and migration - 8.txt,"I mourn my beloved uncle’s death in Ethiopia as I mourn my exile. I cannot bury him, but can I bury my loss?"
Demography and migration,Demography and migration - 9.txt,"Generational thinking is seductive and confirms preconceived prejudices, but it’s a bogus way to understand the world"
Design and fashion,Design and fashion - 1.txt,"Recognising that waste is central, not peripheral, to everything we design, make and do is key to transforming the future"
Design and fashion,Design and fashion - 2.txt,"Partly of the earth, partly of our body, the shoe sits on the edge of an ontological threshold. Where can it transport us?"
Design and fashion,Design and fashion - 3.txt,"We can analyse how fashion works by breaking it down into networks of style elements. What role, then, for human creativity?"
Design and fashion,Design and fashion - 4.txt,"At every turn, the design of our environments either creates barriers or opens doors. Let’s design a more humane world"
Design and fashion,Design and fashion - 5.txt,Clothes can be forms of thought as articulate as a poem or equation. Why then does philosophy like to dress them down?
Design and fashion,Design and fashion - 6.txt,"Older than bronze and as new as nanowires, textiles are technology — and they have remade our world time and again"
Design and fashion,Design and fashion - 7.txt,"Because I’m getting older, my days as a model are numbered – and I’m not sure what to do next"
Earth science and climate,Earth science and climate - 1.txt,"Three earthquakes hit Mexico City on the same date in 1985, 2017 and 2022. The coincidence left the city stranded in time"
Earth science and climate,Earth science and climate - 10.txt,"Half of the Earth’s surface and seas must be dedicated to the conservation of nature, or humanity will have no future"
Earth science and climate,Earth science and climate - 11.txt,"We can melt ice sheets and cook landscapes. When humans made fire, they made themselves and their planet too"
Earth science and climate,Earth science and climate - 12.txt,We are running out of land for traditional agriculture. Time to figure out what saltwater plants can do for us
Earth science and climate,Earth science and climate - 13.txt,"One tree at a time, forests are edging out the world’s mountain meadows. Can we save these islands of diversity?"
Earth science and climate,Earth science and climate - 14.txt,"The Equator once marked the edge of the civilised world. If we put it at the centre, we might see our place in the heavens"
Earth science and climate,Earth science and climate - 15.txt,"We came to know air indirectly, by its visible signs. The stuff itself is as elusive as the atmosphere of a gothic novel"
Earth science and climate,Earth science and climate - 2.txt,"Even if we ‘solve’ global warming, we face an older, slower problem. Waste heat could radically alter Earth’s future"
Earth science and climate,Earth science and climate - 3.txt,"This ancient practice, nurturing animals and trees in an ecological system, fights climate change and restores the land"
Earth science and climate,Earth science and climate - 4.txt,"Darwin was the first to see that all lifeforms, from worms to corals, transform the planet. What does that mean for us?"
Earth science and climate,Earth science and climate - 5.txt,The most protected place on Earth has become one of the most threatened – and threatening. Can its problems be solved?
Earth science and climate,Earth science and climate - 6.txt,How did the planet replace the nation-state to become the prime political object of the 21st century?
Earth science and climate,Earth science and climate - 7.txt,"It ignited life on Earth, propelled evolution, and now signals climate change. Yet what sparks lightning remains a mystery"
Earth science and climate,Earth science and climate - 8.txt,The ancient Earth was profoundly alien. How do we distinguish between the living and non-living in the fossil record?
Earth science and climate,Earth science and climate - 9.txt,"The Earth is not a solid mass of rock: its hot, dark, fractured subsurface is home to weird and wonderful life forms"
Ecology and environmental sciences,Ecology and environmental sciences - 1.txt,"Fire is a planetary feature, not a biotic bug. What can we learn from Yosemite’s experiment to restore natural fire?"
Ecology and environmental sciences,Ecology and environmental sciences - 10.txt,"If rational persuasion fails to make people behave environmentally, could rituals and a dash of guilt do a better job?"
Ecology and environmental sciences,Ecology and environmental sciences - 11.txt,Local and organic is a romantic myth – the future of sustainable agriculture is all about smart technology and scaling up
Ecology and environmental sciences,Ecology and environmental sciences - 12.txt,"Once oases supported human evolution. Now, our addiction to fountains, pools and palms threatens our survival"
Ecology and environmental sciences,Ecology and environmental sciences - 13.txt,"Devastated by years of drought, California farmers hire dowsers to locate their water, exposing the power of belief"
Ecology and environmental sciences,Ecology and environmental sciences - 14.txt,"Evolution works through tiny corridors of space and time, churning genes and transforming species before our very eyes"
Ecology and environmental sciences,Ecology and environmental sciences - 15.txt,The Anthropocene idea has been embraced by Earth scientists and English professors alike. But how useful is it?
Ecology and environmental sciences,Ecology and environmental sciences - 16.txt,"Climate change has done its worst, and now just 500 million humans remain on lifeboats in the north. How do they survive?"
Ecology and environmental sciences,Ecology and environmental sciences - 17.txt,Genes that leap from one species to another are more common than we thought. Does this shake up the tree of life?
Ecology and environmental sciences,Ecology and environmental sciences - 18.txt,How a massive  breeding contest turned a rarely eaten backyard bird into the technological marvel that feeds the world
Ecology and environmental sciences,Ecology and environmental sciences - 19.txt,"When my life came crashing down I took shelter on my farm, surviving with 11th-century tools like the sickle and scythe"
Ecology and environmental sciences,Ecology and environmental sciences - 2.txt,Massive tree-planting programmes have come to substitute for the tradeoffs and complexity of restoring real ecosystems
Ecology and environmental sciences,Ecology and environmental sciences - 20.txt,Animals aren’t tools for thinking. Animals are some of the basic building blocks of thought itself
Ecology and environmental sciences,Ecology and environmental sciences - 21.txt,Fire has come roaring back into America’s West after a century of attempted extirpation. Can our land take the wild heat?
Ecology and environmental sciences,Ecology and environmental sciences - 22.txt,Hope for the world’s devastated oceans rests on a change in the hearts of the fishermen that know them best
Ecology and environmental sciences,Ecology and environmental sciences - 23.txt,"History tells us that plant diseases cause famines, pestilence and war. Now one is coming for our chocolate"
Ecology and environmental sciences,Ecology and environmental sciences - 24.txt,"From Atlantis to Noah’s Ark, we have long been drawn to stories of submerged lands. What lies beneath the flood myths?"
Ecology and environmental sciences,Ecology and environmental sciences - 25.txt,"In places once thick with farms and cities, human dispossession and war has cleared the ground for nature to return"
Ecology and environmental sciences,Ecology and environmental sciences - 26.txt,"Environmental activists have been jailed, persecuted and spied on. What fuels such an absolute commitment to a cause?"
Ecology and environmental sciences,Ecology and environmental sciences - 27.txt,Geoengineers are would-be deities who dream of mastering the heavens. But are humans the ones who are out of control?
Ecology and environmental sciences,Ecology and environmental sciences - 28.txt,For the first time in history we could end poverty while protecting the global environment. But do we have the will?
Ecology and environmental sciences,Ecology and environmental sciences - 29.txt,"Some scientists think that James Lovelock’s Gaia theory is nuts, but the public love it. Could both sides be right?"
Ecology and environmental sciences,Ecology and environmental sciences - 3.txt,Human roads have utterly fragmented the world of wild animals but the engineering to reconnect the pieces is in our grasp
Ecology and environmental sciences,Ecology and environmental sciences - 30.txt,Thinking about climate change makes people feel helpless and anxious – but that’s why we must talk about it openly
Ecology and environmental sciences,Ecology and environmental sciences - 31.txt,Electric fences are going up around Kenya’s forested mountaintops. Is this the only way to keep Africa’s water flowing?
Ecology and environmental sciences,Ecology and environmental sciences - 32.txt,The Hanford nuclear site was meant to be safe for its neighbours. Now they are fighting the experts to tell their story
Ecology and environmental sciences,Ecology and environmental sciences - 33.txt,Buddhism and ecology both refuse to separate the human and natural worlds – and demand that we act accordingly
Ecology and environmental sciences,Ecology and environmental sciences - 34.txt,We picture ancient Britain as a land of enchanted forests. That’s a fantasy: axes have been ringing for a very long time
Ecology and environmental sciences,Ecology and environmental sciences - 4.txt,"From termite queens to the carbon cycle, nature knows how to avoid network collapse. Human designers should pay heed"
Ecology and environmental sciences,Ecology and environmental sciences - 5.txt,"In seeking a means to heal our wounded planet, we should look to the painstaking, cautious craft of art conservation"
Ecology and environmental sciences,Ecology and environmental sciences - 6.txt,"The fear of becoming a meal is a powerful evolutionary force that shapes brains, behaviour and entire ecosystems"
Ecology and environmental sciences,Ecology and environmental sciences - 7.txt,"Synthetics created in the 20th century have become an evolutionary force, altering human biology and the web of life"
Ecology and environmental sciences,Ecology and environmental sciences - 8.txt,"The Anthropocene feels different depending on where you are – too often, the ‘we’ of the world is white and Western"
Ecology and environmental sciences,Ecology and environmental sciences - 9.txt,"Coyotes, dingoes and wolves are all dogs, as intelligent and loyal as our familiars. Our treatment of them is unconscionable"
Economic history,Economic history - 1.txt,"In post-communist eastern and central Europe, history is intensely personal and economics is saturated with moral feeling"
Economic history,Economic history - 10.txt,"By rejecting sampling in favour of exhaustive enumeration, communist China’s dream of total information became a nightmare"
Economic history,Economic history - 11.txt,"The China tea trade was a paradox: a global, intensified industry without the usual spectacle of factories and technology"
Economic history,Economic history - 12.txt,"Market booms and busts might be irrational, but we can understand why they happen – and what to do to mitigate the damage"
Economic history,Economic history - 13.txt,The development sector set out to summon the magic of capitalism from the ashes of communism. How is it going?
Economic history,Economic history - 14.txt,Sicily’s mafia sprang from the growing global market for lemons – a tale with sour parallels for consumers today
Economic history,Economic history - 15.txt,Moneylending has been taboo for most of human history. So how did usury stop being a sin and become respectable finance?
Economic history,Economic history - 16.txt,"Unprecedented growth marked the era from 1948 to 1973. Economists might study it forever, but it can never be repeated. Why?"
Economic history,Economic history - 17.txt,The 18th-century thinkers behind laissez-faire economics saw slavery as a great example of global free trade
Economic history,Economic history - 18.txt,For more than two centuries the huge profits and profound suffering of the Manila Galleons helped create global capitalism
Economic history,Economic history - 19.txt,The Silk Road – from the Eastern Mediterranean to China’s Pacific shore – is once again the centre of the world
Economic history,Economic history - 2.txt,The French idea of the good life doesn’t always make rational economic sense. So much the worse for traditional economics
Economic history,Economic history - 3.txt,"The sexual revolution promised new norms of intimacy based on egalitarianism. So far, only the rich have cashed in"
Economic history,Economic history - 4.txt,"Asia’s rise to economic power and food security has been powered not by rice but by American maize, the ultimate flex-crop"
Economic history,Economic history - 5.txt,"As corporations struggle to survive in a more uncertain world, they should look to the success of the Society of Jesus"
Economic history,Economic history - 6.txt,The week is the most artificial and recent of our time counts yet it’s impossible to imagine our shared lives without it
Economic history,Economic history - 7.txt,"A new form of trade is reshaping our world, and it’s driven by the movement of bits and bytes, not goods, around the globe"
Economic history,Economic history - 8.txt,"Against the capitalist creeds of scarcity and self-interest, a plan for humanity’s shared flourishing is finally coming into view"
Economic history,Economic history - 9.txt,Postwar prosperity depended on a truce between capitalist growth and democratic fairness. Is it possible to get it back?
Economics,Economics - 1.txt,It’s not in the interests of the ordinary person but it’s not a conspiracy either. A cashless society is a system run amok
Economics,Economics - 10.txt,Market systems have made better use of more information than economic planners. What if AI and machine learning changed that?
Economics,Economics - 11.txt,"The financial world is a theatrical production, abundantly lubricated by that magical elixir of illusionists: confidence"
Economics,Economics - 12.txt,Money and brains are both quantum phenomena – so it’s not surprising that economics is overdue for a quantum revolution
Economics,Economics - 13.txt,"Small businesses enjoy an iconic status in modern capitalism, but what do they really contribute to the economy?"
Economics,Economics - 14.txt,"How much did Plato know about behavioural economics and cognitive biases? Pretty much everything, it turns out"
Economics,Economics - 15.txt,Human capital theory was invented as an ideological weapon in the Cold War. Now it is helping to Uberise the world of work
Economics,Economics - 16.txt,"Cash might be grungy, unfashionable and corruptible, but it is still a great public good, important for rich and poor alike"
Economics,Economics - 17.txt,"Blockchain enthusiasts crave a world without bankers, lawyers or fat-cat executives. There’s just one problem: trust"
Economics,Economics - 18.txt,"By fetishising mathematical models, economists turned economics into a highly paid pseudoscience"
Economics,Economics - 19.txt,"Long in retreat in the US, the welfare state found a haven in an unlikely place – the military, where it thrived for decades"
Economics,Economics - 2.txt,Finance fraud is not a deviation from an essentially rational system but a window onto the reality-distortion of markets
Economics,Economics - 20.txt,Why is the welfare state under attack when happiness economics shows it is the system most conducive to human wellbeing?
Economics,Economics - 21.txt,"The Silk Road might have started as a libertarian experiment, but it was doomed to end as a fiefdom run by pirate kings"
Economics,Economics - 22.txt,To revive the global economy and make society more equal we should all consume more not less. How is this possible?
Economics,Economics - 23.txt,Costly new longevity drugs could help the wealthy live 120 years or more – but will everyone else die young?
Economics,Economics - 24.txt,"For years, economists have laboured on the riddle of happiness. If they studied misery, they might get somewhere"
Economics,Economics - 25.txt,Measure a country purely against its GDP and you neglect the wellbeing of its people. Yet can that be measured?
Economics,Economics - 26.txt,"Can sustainability really hope to beat consumerism? Yes, and all without a vow of poverty or a change in human nature"
Economics,Economics - 27.txt,"The more we hate it, the more it agrees with us. How advertising turned anti-consumerism into a secret weapon"
Economics,Economics - 28.txt,"Like the world fairs of old, Silicon Valley runs on booms, busts, and showboating impresarios. That’s a good thing"
Economics,Economics - 29.txt,The cosy coastal world of pretend farmers’ markets bears no resemblance to the actual back end of America
Economics,Economics - 3.txt,Economics is the language of power and affects us all. What can we do to improve its impoverished menu of ideas?
Economics,Economics - 30.txt,"In today’s world, web developers have it all: money, perks, freedom, respect. But is there value in what we do?"
Economics,Economics - 31.txt,"Governments now answer to business, not voters. Mainstream parties grow ever harder to distinguish. Is democracy dead?"
Economics,Economics - 32.txt,British society is still deeply damaged by class differences. Why won’t policy makers act on the evidence?
Economics,Economics - 33.txt,"From the Roman Empire to our own Gilded Age, inequality moves in cycles. The future looks like a rough ride"
Economics,Economics - 34.txt,"Following decades at the heart of government thinking, there are signs that neoliberalism is giving way"
Economics,Economics - 4.txt,"If you really want decolonisation, go beyond cultural criticism to the deep structural insights of economist Samir Amin"
Economics,Economics - 5.txt,Financial markets are entangled and uncertain. When will economists let go of physics envy to embrace the quantum revolution?
Economics,Economics - 6.txt,"After generations of ‘blackboard economics’, Berkeley and MIT are leading a return to economics that studies the real world"
Economics,Economics - 7.txt,No wonder we cannot agree on how globalisation works and whether it’s a good thing. All the stories we have are flawed
Economics,Economics - 8.txt,Everyone on the planet has a stake in making investment more ethical. What’s new is that they have the power to do so too
Economics,Economics - 9.txt,"Paul Samuelson’s mathematical brilliance changed economics, but it was his popular touch that made him a household name"
Education,Education - 1.txt,"Keju, China’s incredibly difficult civil service test, strengthened the state at the cost of freedom and creativity"
Education,Education - 10.txt,If we took Aristotle seriously we would revolutionise our educational systems to enable citizens to learn throughout life
Education,Education - 11.txt,Society will be much improved by loosening the stranglehold of top universities on the education of elites. But how?
Education,Education - 12.txt,"Academic research in the US is unplanned, exploitative and driven by a lust for glory. The result is the envy of the world"
Education,Education - 13.txt,The ethical formation of citizens was once at the heart of the US elite college. Has this moral purpose gone altogether?
Education,Education - 14.txt,Writing essays by a formula was meant to be a step on the way. Now it’s the stifling goal for student and scholar alike
Education,Education - 15.txt,"In its first century the American higher-education system was a messy, disorganised joke. How did it rise to world dominance?"
Education,Education - 16.txt,He knew how to protect democracy – not by rote and rules but by growing independent-minded kids. Let us not forget it
Education,Education - 17.txt,There’s a way to teach children without colonising their minds: the lifelong way of the indigenous people of Mexico
Education,Education - 18.txt,"Professors worry about the ‘crisis in the humanities’. But more people than ever, especially women, are studying them"
Education,Education - 19.txt,What would happen if the aid industry started collecting data on how the people it serves actually feel about their lives?
Education,Education - 2.txt,"It takes nerve to go against the grain and take your child out of school. But, for some, that’s when learning really starts"
Education,Education - 20.txt,The worst public schools do one thing very well – they teach poor black kids how to stay in the American underclass
Education,Education - 21.txt,My six-year-old son was suspended as a danger to others. His crime? A disability you could find in any classroom
Education,Education - 22.txt,"They were mouldy, unread and long out of date. So why did I feel so bad about burning my Britannicas?"
Education,Education - 23.txt,British universities have a lot to learn about philanthropy – not least how to restrain its academic influence
Education,Education - 3.txt,Japan’s Cold War education policy used religion to ‘make’ the ideal humans needed by its nascent economy. Did it work?
Education,Education - 4.txt,"Sex education is a battlefield over morals and young bodies, and has exposed fractures in American life for over a century"
Education,Education - 5.txt,Thomas Jefferson founded a university believing it would safeguard republican freedom. Slavery was another matter altogether
Education,Education - 6.txt,Rousseau’s child-centred ideals are now commonplace but his truly radical vision of educational freedom still eludes us
Education,Education - 7.txt,"A century ago, Weber both diagnosed the ills of the corporatised, modern university, and pointed out the path beyond it"
Education,Education - 8.txt,"Meritocracy emphasises the power of the individual to overcome obstacles, but the real story is quite a different one"
Education,Education - 9.txt,"A classical education was never just for the elite, but was a precious and inspiring part of working-class British life"
Engineering,Engineering - 1.txt,"We tend to think that technological progress is making us more resilient, but it might be making us more vulnerable"
Engineering,Engineering - 2.txt,Giant instruments are giving us a sea of data. Can science find its way without any big ideas at the helm?
Environmental history,Environmental history - 1.txt,"How the trees of China – fir, camphor, ironwood and nanmu – were used to build an empire that lasted for centuries"
Environmental history,Environmental history - 2.txt,"How atomic doomsday experiments, fuelled by Cold War fears, shaped then shook ecologists’ faith in self-healing nature"
Environmental history,Environmental history - 3.txt,"As storms, droughts and floods become more intense, what can the world learn from Japan’s profoundly wet history?"
Environmental history,Environmental history - 4.txt,"If your hometown were beset with toxic dust, like Australia’s Broken Hill, would you feel any less connected to it?"
Environmental history,Environmental history - 5.txt,We are demigods of discards – but our copious garbage became a toxic burden only with the modern cult of ‘disposability’
Environmental history,Environmental history - 6.txt,The world’s last climate crisis demonstrates that surviving is possible if bold economic and social change is embraced
Environmental history,Environmental history - 7.txt,"Steel mills, coal mines and blast furnaces have killed and poisoned thousands of Americans – so why mourn their passing?"
Environmental history,Environmental history - 8.txt,It took a lot of fossil fuels to forge our industrial world. Now they’re almost gone. Could we do it again without them?
Ethics,Ethics - 1.txt,Ethical values can be both objective and knowable – torture really is wrong – yet not need any foundation outside themselves
Ethics,Ethics - 10.txt,We will never truly advance our ethical relationship with other animals until we stop treating them as chattels for use
Ethics,Ethics - 11.txt,"Not eating animals is wrong. If you care about animals, then the right thing to do is breed them, kill them and eat them"
Ethics,Ethics - 12.txt,"You might think of it as a philosophy for turning away from the world, but ancient Stoics took a stand against tyranny"
Ethics,Ethics - 13.txt,"Moral philosophy is bogus, a mere substitute for God that licenses ugly emotions. Here are five reasons to reject it"
Ethics,Ethics - 14.txt,Christine Korsgaard argues that we can extend a Kantian moral framework to include other animals. But her argument fails
Ethics,Ethics - 15.txt,"The ethical life means being good to ourselves, to others, and to the world. But how do you choose if these demands compete?"
Ethics,Ethics - 16.txt,A virtuous person respects the rules. So when should the same person make a judgment call and break or bend them instead?
Ethics,Ethics - 17.txt,Are thought experiments experiments at all? Or something else? And do they help us think clearly about ethics or not?
Ethics,Ethics - 18.txt,Would you carve a roast with a knife that had been used in a murder? Why not? And what does this tell us about ethics?
Ethics,Ethics - 19.txt,Why we should understand jealousy as nothing more than a vice that ought to be replaced by the new virtue of compersion
Ethics,Ethics - 2.txt,Bernard Williams argued that one’s ethics is shaped by culture and history. But that doesn’t mean that everyone is right
Ethics,Ethics - 20.txt,Quarrels over honour in duelling cultures can enlighten us today and demonstrate why some insults are intolerable
Ethics,Ethics - 21.txt,"Aztec moral philosophy has profound differences from the Greek tradition, not least its acceptance that nobody is perfect"
Ethics,Ethics - 22.txt,"The soldier in battle is confronted with agonising, even impossible, ethical decisions. Could studying philosophy help?"
Ethics,Ethics - 23.txt,"As a philosopher, I can’t conceal my class. But I prefer the counsel of my grandmother to platitudes about ‘impostor syndrome’"
Ethics,Ethics - 24.txt,"The discovery of independent life beyond Earth would have deep philosophical implications for us, and our ideas of morality"
Ethics,Ethics - 25.txt,You don’t have to dislike children to see the harms done by having them. There is a moral case against procreation
Ethics,Ethics - 26.txt,"A religious worldview cannot expect the same kinds of tolerance as racial, gender, or sexual identities. Here’s why"
Ethics,Ethics - 27.txt,"Two people drive drunk at night: one kills a pedestrian, one doesn’t. Does the unlucky killer deserve more blame or not?"
Ethics,Ethics - 28.txt,"When someone changes for the worse, we see a totally different person. But what happens if the change is for the better?"
Ethics,Ethics - 29.txt,"Tight-lipped, frosty and fake, the passive-aggressive person never quite takes the blame. Is this always a bad thing?"
Ethics,Ethics - 3.txt,Why would it be so bad if our species came to an end? It is a question that reveals our latent values and hidden fears
Ethics,Ethics - 30.txt,The Confucian philosopher Mengzi provides an intriguing (and oddly modern) alternative to Aristotelian accounts of human virtue
Ethics,Ethics - 31.txt,"A morally just world would have no pets, no aquaria, no zoos. No fields of sheep, no barns of cows. That’s true animal rights"
Ethics,Ethics - 32.txt,Which world would be better: one in which all meat is grown in a lab or one which still contains humanely farmed animals?
Ethics,Ethics - 33.txt,"Why, in the entire history of human life, did awesomeness become the great virtue of our age (and suckiness its vice)?"
Ethics,Ethics - 34.txt,Psychologists used to manipulate and deceive their subjects with impunity. Did the end justify the means?
Ethics,Ethics - 35.txt,"Are professional ethicists good people? According to our research, not especially. So what is the point of learning ethics?"
Ethics,Ethics - 36.txt,Some people are ruthless. Some lose control. Yet most violence remains unfathomable. A new theory lights up the darkness
Ethics,Ethics - 37.txt,"Konrad Morgen prosecuted his fellow Nazis, but not for the Final Solution. How should history judge him?"
Ethics,Ethics - 38.txt,"Seen through game theory, cancer and police corruption are pretty much the same thing. And for one of them, there’s a cure"
Ethics,Ethics - 39.txt,"Lying, cheating and arrogance might be morally repugnant, but a little dose of nastiness can be a creative thing"
Ethics,Ethics - 4.txt,"A vegan diet can be hard to adopt, even if you’re convinced it’s the right thing to do. What are the next-best options?"
Ethics,Ethics - 40.txt,"How we lost touch with animals, life and death, and learned to find butchery repulsive while eating more meat than ever"
Ethics,Ethics - 41.txt,"Will the next generation of telepathy machines make us closer, or are there unforeseen dangers in the melding of minds?"
Ethics,Ethics - 42.txt,"In 2115, when our descendants look back at our society, what will they condemn as our greatest moral failing?"
Ethics,Ethics - 43.txt,"Cowards have been shamed, beaten and shot, yet their failing has an important social function. Let’s hear it for cowardice"
Ethics,Ethics - 44.txt,"The new zombie still eats brains, but it can think, emote and even fall in love. Why zombies with heart are on the rise"
Ethics,Ethics - 45.txt,Disgust is often used as a tool of persuasion. But are gut feelings ever a reliable guide in questions of right and wrong?
Ethics,Ethics - 46.txt,"We tend to think that our memories determine our identity, but it’s moral character that really makes us who we are"
Ethics,Ethics - 47.txt,"No longer the hardest word, a public apology is now the defence strategy of the rich and powerful. Can it still do good?"
Ethics,Ethics - 48.txt,"Do individuals have a right for their medical records to remain private after death, or can public interest prevail?"
Ethics,Ethics - 49.txt,"Why bystanders are reluctant to report a violent crime or aid a victim, and how they can be taught to step up and help"
Ethics,Ethics - 5.txt,Subjecting the problems of ethics to the cool quantifications of logic and probability can help us to be better people
Ethics,Ethics - 50.txt,Are you surrounded by fools? Are you the only reasonable person around? Then maybe you’re the one with the jerkitude
Ethics,Ethics - 51.txt,What happens to life sentences if our lifespan is radically extended? A philosopher talks about future punishment
Ethics,Ethics - 52.txt,We all know our culture puts a premium on good looks – does that mean that the ugly are oppressed?
Ethics,Ethics - 53.txt,"Christian parents teach their children to believe in God, atheists teach them not to. Who is doing the right thing?"
Ethics,Ethics - 54.txt,"Our morality may be a product of natural selection, but that doesn’t mean it’s set in stone"
Ethics,Ethics - 55.txt,"When it can’t use troops, the UN’s last peacekeeping tool is its moral voice. What is that worth in the real world?"
Ethics,Ethics - 56.txt,Atheists and homosexuals were called perverts once. Why do we still see perversion where no harm is done?
Ethics,Ethics - 57.txt,Can America face up to the terrible reality of slavery in the way that Germany has faced up to the Holocaust?
Ethics,Ethics - 58.txt,Our genes and our culture tell us to live as long as possible – even when living is misery. Should we listen?
Ethics,Ethics - 59.txt,"Vegetarian and vegan ethics are not a recent fad in Asia, but a longstanding human aspiration and virtue"
Ethics,Ethics - 6.txt,"The Buddha taught not to kill, yet his followers have at times disobeyed him. Can murderers still be Buddhists?"
Ethics,Ethics - 60.txt,"You are entitled to believe what you will, but your beliefs must be subject to criticism and scrutiny just like mine"
Ethics,Ethics - 61.txt,"Filthy and violent it may be, but life is still precious for the world’s street children. Can you look them in the eye?"
Ethics,Ethics - 62.txt,There’s something in religious tradition that helps people be ethical. But it isn’t actually their belief in God
Ethics,Ethics - 63.txt,"In play an adult can become like a child, fully absorbed in the here-and-now. Play, not work, brings us fully to life"
Ethics,Ethics - 64.txt,"A dominant species is a dominant species. If you really care about animal rights, vegan ethics don’t go far enough"
Ethics,Ethics - 65.txt,The first night that gay marriage became legal in Washington was a strange mixture of beauty and bureaucracy
Ethics,Ethics - 66.txt,"From newborns to nation states, we trust similarity. But does that mean we must hate difference?"
Ethics,Ethics - 67.txt,"Prosthetics, doping, computer implants: we take every upgrade we can get. But what is waiting for us at the finish line?"
Ethics,Ethics - 68.txt,Can private charity eliminate world poverty – or is it about making the givers feel better about themselves?
Ethics,Ethics - 69.txt,A former vegan who now hunts deer is troubled by what it takes to put food on our plates
Ethics,Ethics - 7.txt,"Even when individual perpetrators and victims are dead, states and institutions have a responsibility to make restitutions"
Ethics,Ethics - 8.txt,It’s impossible to shed our individual biases. So the best way to establish objectivity is by taking on new perspectives
Ethics,Ethics - 9.txt,Corruption is a truly global crisis and the wealth addiction that feeds it is hiding in plain sight
Evolution,Evolution - 1.txt,Attaining and maintaining power lies at the heart of almost all animal societies. And it’s as devious as human politicking
Evolution,Evolution - 10.txt,Evolution is extraordinarily creative in the wake of a cataclysm. How does life keep steadily ticking over in between?
Evolution,Evolution - 11.txt,Human life is fragile but tardigrades and other extremophiles show that life itself is in little danger of disappearing
Evolution,Evolution - 12.txt,Living among humans favours fearless problem-solvers interested in new things. That’s how city birds get smarter
Evolution,Evolution - 13.txt,Is evolutionary science due for a major overhaul – or is talk of ‘revolution’ misguided?
Evolution,Evolution - 14.txt,"The ctenophore’s brain suggests that, if evolution began again, intelligence would re-emerge because nature repeats itself"
Evolution,Evolution - 15.txt,Male flamboyance does more than ruffle a few feathers – it helps the female choose a mate in top metabolic health
Evolution,Evolution - 16.txt,"Constructor theory is a new vision of physics, but it helps to answer a very old question: why is life possible at all?"
Evolution,Evolution - 17.txt,The Vatican still refuses to endorse evolutionary theory – setting a billion believers at odds with modern science
Evolution,Evolution - 18.txt,It seemed Darwin had banished biological essences – yet evolution would fail without nature’s library of Platonic forms
Evolution,Evolution - 19.txt,"Why do laughter, smiles and tears look so similar? Perhaps because they all evolved from a single root"
Evolution,Evolution - 2.txt,"The more we understand how cells produce shape and form, the more inadequate the idea of a genomic blueprint looks"
Evolution,Evolution - 20.txt,A ferocious biological struggle between mother and baby belies any sentimental ideas we might have about pregnancy
Evolution,Evolution - 21.txt,"When it comes to sex, will humans ever be liberated from the basic biological needs that drove our evolutionary past?"
Evolution,Evolution - 22.txt,Many evolutionists believe that humans have a drive for waging war. But they are wrong and the idea is dangerous
Evolution,Evolution - 23.txt,"Evolution has changed all we know about how humans behave, compete and co-operate. When will economics catch up?"
Evolution,Evolution - 24.txt,"Troglodytes who couldn’t compete, or humans with complex culture? The mystery of our nearest relatives deepens"
Evolution,Evolution - 25.txt,"Hunter gatherers may have very egalitarian societies, but evolution says the human love of status runs deeper"
Evolution,Evolution - 3.txt,"Bat friends, monkeys sharing, and humans holding hands: the brains of social animals synchronise and expand one another"
Evolution,Evolution - 4.txt,Classic evolutionary theory holds that species separate over time. But it’s fuzzier than that – now we know they also merge
Evolution,Evolution - 5.txt,"Far from being hardwired to flee fire, some animals use it to their own ends, helping us understand our own pyrocognition"
Evolution,Evolution - 6.txt,"Having a concept of death, far from being a uniquely human feat, is a fairly common trait in the animal kingdom"
Evolution,Evolution - 7.txt,"Organisms do not evolve blindly under forces beyond their control, but shape and influence the evolutionary environment itself"
Evolution,Evolution - 8.txt,"From cobra to caterpillar, warning signals are a rich natural vocabulary shaped by the communicative dance of predator and prey"
Evolution,Evolution - 9.txt,"Perched on the cusp between biology and chemistry, the start of life on Earth is an event horizon we struggle to see beyond"
Fairness and equality,Fairness and equality - 1.txt,"Being on-call, out-of-sync and underslept is not just personal but a pervasive political injustice. Bold change is needed"
Fairness and equality,Fairness and equality - 10.txt,Elections are flawed and can’t be redeemed – it’s time to start choosing our representatives by lottery
Fairness and equality,Fairness and equality - 11.txt,"Religion itself needs redemption. In the Occupy movement, its potent ideals and traditions of resistance are resurrected"
Fairness and equality,Fairness and equality - 12.txt,"Back from Afghanistan, a former Marine bears witness to the estrangement of the home front"
Fairness and equality,Fairness and equality - 2.txt,"Economic inequality is an urgent problem. Deeper still is our loss of mutual respect, the foundation of a fair society"
Fairness and equality,Fairness and equality - 3.txt,"As a society we have forgotten how to talk about the benefits of hierarchy, expertise and excellence. It’s time we remembered"
Fairness and equality,Fairness and equality - 4.txt,Wisdom from classical Greece: democracy and liberalism are both better off if we understand the difference between them
Fairness and equality,Fairness and equality - 5.txt,The medical evidence is overwhelming – obesity is bad for you and it would be a major mistake to give up fighting it
Fairness and equality,Fairness and equality - 6.txt,Other liberation movements have rejected the idea that biology is destiny. So why should gay rights depend on it?
Fairness and equality,Fairness and equality - 7.txt,"If you have a mouthful of teeth shaped by a childhood in poverty, don’t go knocking on the door of American privilege"
Fairness and equality,Fairness and equality - 8.txt,My daughter insists that Bilbo Baggins is a girl and I’m her willing conspirator in updating the classics for our times
Fairness and equality,Fairness and equality - 9.txt,"Democracies are notoriously short-sighted. With one simple device, we could give unborn citizens a say in our present"
Family life,Family life - 1.txt,"In the eyes of the Runa people, Western kids grow up indulged, over-mothered and incapable of facing outward to the world"
Family life,Family life - 10.txt,"Among our close animal relatives, only humans have involved and empathic fathers. Why did evolution favour the devoted dad?"
Family life,Family life - 11.txt,Sweden’s hands-on dads represent an alternative male form forged by lowered testosterone and the potent hormones of attachment
Family life,Family life - 12.txt,"His duties are many, his challenges weighty, but his glory can be great. A guide to family management, by a Roman nobleman"
Family life,Family life - 13.txt,"Like any adult, my son wants to work, travel and socialise,  and his Down syndrome won’t stop him. But can he live independently?"
Family life,Family life - 14.txt,"‘Take a photo of the spread,’ my mother says. ‘This way you can remember what to arrange when I’m dead.’"
Family life,Family life - 15.txt,Sperm donation is socially acceptable but donor eggs still provoke a wave of unease about blood relations and motherhood
Family life,Family life - 16.txt,Women in their 30s and 40s exhibit a mix of wishful thinking and woeful ignorance when it comes to their fertility. Why?
Family life,Family life - 17.txt,Advice columns from decades past provide a chilling glimpse into the horrors of marriage counselling before feminism
Family life,Family life - 18.txt,"We no longer expect passion to last a lifetime, but some couples do stay in love to the end. What’s their secret?"
Family life,Family life - 19.txt,The laundry will never be done. Rather than pedalling faster and faster the answer is to surrender to the eternal tide
Family life,Family life - 2.txt,We have laws to protect children from factory work. Why aren’t they protected from parents who monetise their lives online?
Family life,Family life - 20.txt,My father rescued me time after time when I was lost in addiction. What kind of father will I be for my new daughter?
Family life,Family life - 21.txt,"Dear daughter, born two years after the Arab Spring, what stories can I tell you about the Cairo of your birth?"
Family life,Family life - 3.txt,"When feeling good about ourselves matters more than filial duty, cutting off our parents comes to seem like a valid choice"
Family life,Family life - 4.txt,"The bodies and brains of fathers, not just mothers, are transformed through the love and labour of raising a child"
Family life,Family life - 5.txt,Attachment therapy helps us recognise and heal our childhood wounds so we can be free to become good parents ourselves
Family life,Family life - 6.txt,"In most cultures, kids tag along with grownups or mooch with friends but American life is heavy with ‘kid-friendly’ artifice"
Family life,Family life - 7.txt,"All families have secrets, from the innocent to the deeply sinister. Are there good reasons to keep them under wraps?"
Family life,Family life - 8.txt,"We’re opportunistic, inventive and flexible animals, and there is no ‘natural’ or ‘right’ way to bring up our children"
Family life,Family life - 9.txt,New parents face intense moral pressure from every quarter to breastfeed their babies. But sometimes bottle is better
Film and visual culture,Film and visual culture - 1.txt,It’s often said that a successful picture ‘captures the essence’ of a subject. But a great photograph does so much more
Film and visual culture,Film and visual culture - 10.txt,It’s not just your imagination. Horror films are much more scary than they were in the past. Here’s how they do it
Film and visual culture,Film and visual culture - 11.txt,The human world has become bafflingly complex and strangely fragile making apocalypse the easiest thing to imagine
Film and visual culture,Film and visual culture - 12.txt,The golden age of TV drama raises some big questions about work and the meaning of life
Film and visual culture,Film and visual culture - 13.txt,Schizophrenics used to see demons and spirits. Now they talk about actors and hidden cameras – and make a lot of sense
Film and visual culture,Film and visual culture - 14.txt,"All gurus try to undermine their followers’ egos and expectations, so does it matter if the teacher is a real fraud?"
Film and visual culture,Film and visual culture - 2.txt,"From chopsocky films to disco earworms, Asian caricatures have proliferated since the 1970s. Can Hollywood kick the habit?"
Film and visual culture,Film and visual culture - 3.txt,Slum photography was at the heart of progressive campaigns against urban poverty. And it was a weapon against poor people
Film and visual culture,Film and visual culture - 4.txt,Korean culture is characterised by an untranslatably profound sorrow and regret. Or is that just another stereotype?
Film and visual culture,Film and visual culture - 5.txt,"You might think that horror movies are a delicious, trashy pleasure. But watching them has surprisingly wholesome effects"
Film and visual culture,Film and visual culture - 6.txt,"As aspirational avatars, idolised icons and vessels of collective memory, celebrities permeate all aspects of modern life"
Film and visual culture,Film and visual culture - 7.txt,"In a strangely unremarked-upon twist, Disney films have taken to subverting romance and rethinking the happy-ever-afters"
Film and visual culture,Film and visual culture - 8.txt,"Space exploration in film is overwhelmingly male, metallic and hard-edged. Could we get further with more women on board?"
Film and visual culture,Film and visual culture - 9.txt,"The top of the globe has always meant fantasy, myth, adventure. What explains the icy northern grip on our imagination?"
Food and drink,Food and drink - 1.txt,"How French cuisine became beloved among status-hungry diners in the United States, from Thomas Jefferson to Kanye West"
Food and drink,Food and drink - 10.txt,"Rude in Tokyo, rude not to in New York – tipping mystifies tourists, economists and anthropologists. Should we stop?"
Food and drink,Food and drink - 11.txt,"It takes time to plan a meal, to say nothing of cooking and eating it. What if we could opt out of food altogether?"
Food and drink,Food and drink - 12.txt,A carbs-rich diet has been blamed for the alarming explosion of obesity and chronic disease. What does the science show?
Food and drink,Food and drink - 13.txt,"Wine is an elixir, a miracle-worker and shapeshifter – no wonder even the most secular of us hold it sacred still"
Food and drink,Food and drink - 14.txt,"There’s nothing so atavistic and satisfying in the morning as sinking your hands into a sticky, bubbling live sourdough"
Food and drink,Food and drink - 15.txt,"We might deplore the practice, but posting pictures of our meals online is a way to bring everyone to the table"
Food and drink,Food and drink - 16.txt,"Intrigued by the buzz around medical fasting, I tried it. A rollercoaster of boredom and energy ensued"
Food and drink,Food and drink - 17.txt,Even the finest restaurants are serving coffee made with capsules. Have we lost faith in the human touch?
Food and drink,Food and drink - 18.txt,"An exquisite, luxurious meal is an ephemeral pleasure – but perhaps that’s the point. So is the human condition"
Food and drink,Food and drink - 2.txt,The humble cocoa bean’s journey from its Amerindian origins to worldwide dominance is a lesson in the power of trade
Food and drink,Food and drink - 3.txt,Vitamins or whole foods; high-fat or low-fat; sugar or sweetener. Will we ever get a clear idea about what we should eat?
Food and drink,Food and drink - 4.txt,"Violent, lively and brash, taverns were everywhere in early colonial America, embodying both its tumult and its promise"
Food and drink,Food and drink - 5.txt,"Humans have evolved with little resistance to abundant, easy food. Will we gorge ourselves and our planet to death?"
Food and drink,Food and drink - 6.txt,"Pepperheads love the hit of a habanero, the kick of a bhut jolokia. But what’s the allure of a fruit designed to repel?"
Food and drink,Food and drink - 7.txt,"Who should we admire more: the Michelin-starred chef with his teams and glamour, or the unsung but brilliant cook?"
Food and drink,Food and drink - 8.txt,Can we restore the world’s culinary masterpieces by rescuing the lost ingredients and flavours that inspired them?
Food and drink,Food and drink - 9.txt,"In memory of Charles Bowden, hard-nosed reporter and avid sensualist, who loved every sight, feel and sip of being alive"
Future of technology,Future of technology - 1.txt,The world is a black box full of extreme specificity: it might be predictable but that doesn’t mean it is understandable
Future of technology,Future of technology - 10.txt,Robo-bees and drone-seeded forests: can technology mend our broken relationship with the natural world?
Future of technology,Future of technology - 11.txt,"Predictive policing uses algorithms to analyse data and cut crime. But does it really work, and should it be trusted?"
Future of technology,Future of technology - 12.txt,"Capitalism excels at innovation but is failing at maintenance, and for most lives it is maintenance that matters more"
Future of technology,Future of technology - 13.txt,Some of our greatest cultural and technological achievements took place between 1945 and 1971. Why has progress stalled?
Future of technology,Future of technology - 14.txt,The most exciting discovery in physics could come about thanks to telecoms satellites. Is a single theory of reality in sight?
Future of technology,Future of technology - 15.txt,New technologies are emerging that could radically reduce our need to sleep - if we can bear to use them
Future of technology,Future of technology - 16.txt,Is there anything left for the green movement to do but assuage its grief in ritual and myth?
Future of technology,Future of technology - 2.txt,Sooner or later a technology capable of wiping out human civilisation might be invented. How far would we go to stop it?
Future of technology,Future of technology - 3.txt,"At the level of the tiny, biology is all about engineering. That’s why nanotechnology can rebuild medicine from within"
Future of technology,Future of technology - 4.txt,"When we pit ourselves against machines, the game can only end in tears. It is in our gift to imagine another way"
Future of technology,Future of technology - 5.txt,"Artistic success takes a mysterious mix of talent, luck and timing. But could algorithms now predict and produce the hits?"
Future of technology,Future of technology - 6.txt,Say you could make a thousand digital replicas of yourself – should you? What happens when you want to get rid of them?
Future of technology,Future of technology - 7.txt,"All the great inventions took painstaking, risky, indirect routes to fruition. Has Silicon Valley really escaped history?"
Future of technology,Future of technology - 8.txt,The distributed network has gobbled the hierarchical firm. Only by seizing the platform can workers avoid digital serfdom
Future of technology,Future of technology - 9.txt,Fantasies about new power sources for human ambitions go back a century or more. Could these past visions energise our own future?
Genetics,Genetics - 1.txt,"Despite advances in molecular genetics, too many biologists think that natural selection is driven by random mutations"
Genetics,Genetics - 10.txt,"In gene editing, the genetic code now has a workable text editor. Will this mean Ctrl+X for disease and Ctrl+V for talent?"
Genetics,Genetics - 11.txt,"Epigenetics has shown that there’s no such thing as a normal human body, so how did it get hijacked by the body police?"
Genetics,Genetics - 12.txt,Cricketing dynasties seem to imply that talent is genetic. Yet the evidence from other sports queers the pitch
Genetics,Genetics - 2.txt,The ‘selfish gene’ persists for the reason all good scientific metaphors do: it remains a sharp tool for clear thinking
Genetics,Genetics - 3.txt,The pioneers of social genetics were racists and eugenicists: should we give up on the science they founded altogether?
Genetics,Genetics - 4.txt,The new field of social genomics can be used by progressives to combat racial inequality or by conservatives to excuse it
Genetics,Genetics - 5.txt,The hormone system works like a democracy: every tissue in the body is an endocrine organ asserting its needs and demands
Genetics,Genetics - 6.txt,"War, famine and persecution inflict profound changes on bodies and brains. Could these changes persist over generations?"
Genetics,Genetics - 7.txt,How and why did humans domesticate animals – and what might this tell us about the future of our own species?
Genetics,Genetics - 8.txt,Darwin’s theory that natural selection drives evolution is incomplete without input from evolution’s anti-hero: Lamarck
Genetics,Genetics - 9.txt,"The long and peculiar history of the designer human, from Plato’s citizen breeders to Nobel sperm banks and beyond"
Global history,Global history - 1.txt,"Is this the word we need to describe unprecedented convergences between ecological, political and economic strife?"
Global history,Global history - 10.txt,What can the decline of the Roman Empire and the end of European feudalism tell us about COVID-19 and the future of the West?
Global history,Global history - 11.txt,"Abolition in Africa brought longed-for freedoms, but also political turmoil, economic collapse and rising enslavement"
Global history,Global history - 12.txt,Democracy is not a torch passed from ancient Athens but a globally common form of government with much to teach us today
Global history,Global history - 13.txt,"Centuries before Columbus, Vikings came to the Western hemisphere. How far into the Americas did they travel?"
Global history,Global history - 14.txt,"For the warriors and wanderers who became the Aztec people, truth was not singular and history was braided from many voices"
Global history,Global history - 15.txt,European empires were addicted to opium smoking. Then their own agents launched a moral crusade to prohibit it
Global history,Global history - 16.txt,"Antisemitism flourished in response to the unsettling, abstract growth of finance capitalism in the early modern world"
Global history,Global history - 17.txt,Must radical political change generate uncontainable violence? The French Revolution is both a cautionary and inspiring tale
Global history,Global history - 18.txt,"The West focuses only on slavery, but the history of Africa is so much more than a footnote to European imperialism"
Global history,Global history - 19.txt,"From Marxism to hip hop, China’s appropriations from the West show that globalisation makes the world bumpy, not flat"
Global history,Global history - 2.txt,Cultural exchange between Iran and India led to the creation of literary histories that inspired modern nationalism
Global history,Global history - 20.txt,Cultural heritage is an ideal imposed from above. It’s time to listen to what communities value about their own histories
Global history,Global history - 21.txt,"In the night schools of Bombay, factory workers dreamed that literacy and learning would raise them to respectability"
Global history,Global history - 22.txt,"For Westerners, the Bible and its prophecies have obscured as much as they’ve revealed about the Holy Land"
Global history,Global history - 23.txt,There are 70 million people around the world who claim Irish ancestry. What shaped and made the great Irish emigration?
Global history,Global history - 24.txt,The great king Aurangzeb is among the most hated men in Indian history. A historian claims he’s been unjustly demonised
Global history,Global history - 25.txt,"Historians cheered globalism with work about cosmopolitans and border-crossing, but the power of place never went away"
Global history,Global history - 26.txt,"In a time of great powers and empires, just one region of the world experienced extraordinary economic growth. How?"
Global history,Global history - 27.txt,"If the sultan of Mysore had had a bit more luck, George Washington might be known as the Haider Ali of North America"
Global history,Global history - 28.txt,"Haiti, not the US or France, was where the assertion of human rights reached its defining climax in the Age of Revolution"
Global history,Global history - 29.txt,Multilateral imperial politics triggered an indigenous arms race and led to the violent transformation of Native America
Global history,Global history - 3.txt,"The idea of a ‘precolonial’ Africa is theoretically vacuous, racist and plain wrong about the continent’s actual history"
Global history,Global history - 4.txt,The concept of geopolitics comes from German and Russian attempts to explain defeat and reverse loss of influence
Global history,Global history - 5.txt,Centuries of capitalism saw the global countryside ruthlessly converted into cheap commodities. But at what cost?
Global history,Global history - 6.txt,"His communism brought the great American singer Paul Robeson trouble in the US, but helped make him a hero in China"
Global history,Global history - 7.txt,"For a century before the rise of European empires, Britons and North Africans lived together in amicable peace"
Global history,Global history - 8.txt,"Far more potent than oil or gold, water is a stream of geopolitical force that runs deep, feeding crops and building nations"
Global history,Global history - 9.txt,Sweeping the human story into a cosmic tale is a thrill but we should be wary about what is overlooked in the grandeur
History of ideas,History of ideas - 1.txt,The discipline today finds itself precariously balanced between incomprehensible specialisation and cheap self-help
History of ideas,History of ideas - 10.txt,"A cheery mood, you might think, is a terribly self-absorbed response to serious times. But history tells us otherwise"
History of ideas,History of ideas - 11.txt,Romanticism once radically challenged conventional pieties. Now it’s little more than marketable schlock. What happened?
History of ideas,History of ideas - 12.txt,"Zhuangzi thought Confucians were like frogs trapped in a well, unable to perceive the limitlessness of the sea"
History of ideas,History of ideas - 13.txt,To truly see black people in ancient art we need to look beyond the historically recent trope of ‘Blackness = inferiority’
History of ideas,History of ideas - 14.txt,Academic philosophy can indeed make sense of our interdependent world. But only if it transforms by becoming truly diverse
History of ideas,History of ideas - 15.txt,Neither psychology nor anthropology fully understand love: only history sees that it’s all about the time and the telling
History of ideas,History of ideas - 16.txt,"Truth, knowledge, justice – to understand how our loftiest abstractions earn their keep, trace them to their practical origins"
History of ideas,History of ideas - 17.txt,"For centuries, all philosophers seem to have done is question and debate. Why do philosophical problems resist solution?"
History of ideas,History of ideas - 18.txt,"Humanism did not replace Scholasticism, nor is it clear that ideas like the Renaissance help us understand history at all"
History of ideas,History of ideas - 19.txt,"For Hegel, human nature strives through history to unchain itself from tradition. But is such inner freedom worth the cost?"
History of ideas,History of ideas - 2.txt,Liberal philosophy has clipped the wings of the egalitarian ideal. We should return to the bolder ideals of Iris Murdoch
History of ideas,History of ideas - 20.txt,"Once seen as the work of genius, how did creativity become an engine of economic growth and a corporate imperative?"
History of ideas,History of ideas - 21.txt,It’s not just that Hegel and Rousseau were racists. Racism was baked into the very structure of their dialectical philosophy
History of ideas,History of ideas - 22.txt,"Far from a social luxury, tact becomes imperative when life is cheapened. We exercise it to show gentle respect for another"
History of ideas,History of ideas - 23.txt,What if we see the history of philosophy not as a grand system of sustained critique but as a series of brilliant fragments?
History of ideas,History of ideas - 24.txt,The move away from myth and toward reason is an ancient human impulse. But must enchantment be the enemy of enlightenment?
History of ideas,History of ideas - 25.txt,"Once local and irregular, time-keeping became universal and linear in 311 BCE. History would never be the same again"
History of ideas,History of ideas - 26.txt,"Philosophy need not be arcane, argued Aristotle, as he led by example, writing treatises for peers and public alike"
History of ideas,History of ideas - 27.txt,The existentialist philosophies of Simone de Beauvoir and Frantz Fanon offer important insights into the nature of prejudice
History of ideas,History of ideas - 28.txt,"In the case atheists vs religious belief, Ludwig Wittgenstein is called to the stand. Whose side does his testimony serve?"
History of ideas,History of ideas - 29.txt,"‘Consolation philosophy’ understands the human being as a unity of feeling and reason, in a cosmos rich with primal emotion"
History of ideas,History of ideas - 3.txt,Analytic and continental philosophers were once united in their obsession with language. But now new questions have arisen
History of ideas,History of ideas - 30.txt,Human dignity is a concept with remarkably shallow historical roots. Is that why it is so presently endangered?
History of ideas,History of ideas - 31.txt,Islamists and Western pundits speak of ‘the West’ and ‘the Muslim world’ but such tribalism is dangerous colonial propaganda
History of ideas,History of ideas - 32.txt,"On Paul Gauguin, authenticity and the midlife crisis: how the philosopher Bernard Williams dramatised moral luck"
History of ideas,History of ideas - 33.txt,"Science asks and answers its big questions, so why is philosophy taking its time? Because it’s only just getting started"
History of ideas,History of ideas - 34.txt,Each era of modernity has reinvented Marx to fit its needs. How can his analysis of capitalism help us today?
History of ideas,History of ideas - 35.txt,"Better known as the face of non-violent protest, Gandhi was also a surprising, subtle philosopher in the Stoic tradition"
History of ideas,History of ideas - 36.txt,"Academic philosophy in ‘the West’ ignores and disdains the thought traditions of China, India and Africa. This must change"
History of ideas,History of ideas - 37.txt,"Homer’s warrior is no mere tragic human figure: fuelled by anger, he is at once a man of honour and a sword of the gods"
History of ideas,History of ideas - 38.txt,Plato said we ought to be suspicious of persuasive speakers and the appeal to emotions. But rhetoric can be a civic good
History of ideas,History of ideas - 39.txt,Georg Cantor showed that some infinities are bigger than others. Did he assault mathematical wisdom or corroborate it?
History of ideas,History of ideas - 4.txt,The ancient Cynics taught that masturbation is about more than pleasure: it suggests how to live simply and autonomously
History of ideas,History of ideas - 40.txt,"Saturday mornings with J L Austin in postwar Oxford were a golden time for wordplay, silly jokes and serious philosophy"
History of ideas,History of ideas - 41.txt,"At a time of religious zealotry, Spinoza’s fearless defence of intellectual freedom is more timely than ever"
History of ideas,History of ideas - 42.txt,"Busy, distracted, inattentive? Everybody has been since at least 1710 and here are the philosophers to prove it"
History of ideas,History of ideas - 43.txt,"For most of human history, the stars told us where we were in space and time.  Have we forgotten how to look up?"
History of ideas,History of ideas - 44.txt,"Whether to kill baby Hitler might be a political firecracker, but can counterfactuals say anything deeper about the past?"
History of ideas,History of ideas - 45.txt,"The ‘cosplay Caliphate’ of ISIS is a deadly fantasy, but a familiar one in the West. It feeds the same urges as Tolkien"
History of ideas,History of ideas - 46.txt,"Until the Scientific Revolution, God’s power included a licence to deceive. How did science make an honest man of Him?"
History of ideas,History of ideas - 47.txt,Liberalism is not dead – its ideals are more important than ever – but it must change radically to survive in the future
History of ideas,History of ideas - 48.txt,"How magical thinking haunts our everyday language, and fossilised ideas live on in even the most sophisticated science"
History of ideas,History of ideas - 49.txt,"Thanks to science, most of us accept the deep past – so why are our imagined futures so shallow?"
History of ideas,History of ideas - 5.txt,"Now associated with childhood fun, the swing has a near-universal history of ritual transgression and transformation"
History of ideas,History of ideas - 50.txt,"Philosophy should be conversation, not dogma – face-to-face talk about our place in the cosmos and how we should live"
History of ideas,History of ideas - 51.txt,"Trying to resolve the stubborn paradoxes of their field, physicists craft ever more mind-boggling visions of reality"
History of ideas,History of ideas - 52.txt,"Verbal gaffes can profoundly challenge our sense of self, offering insight into our idiosyncrasies and desires"
History of ideas,History of ideas - 53.txt,He is the dramatic thunderstorm at the heart of philosophy and his provocation is more valuable than ever
History of ideas,History of ideas - 54.txt,Forget the modern romantic notion of ‘the one’. True love means looking beyond the couple and out towards life
History of ideas,History of ideas - 55.txt,"Science can’t stop talking in terms of ‘purposes’, but if the universe cares about us, it has a funny way of showing it"
History of ideas,History of ideas - 6.txt,He was the first great observer of nature. But his theory of human reproduction was deeply sexist – and enduring
History of ideas,History of ideas - 7.txt,"How a close group of brilliant friends, in a tiny German university town, laid the foundations of modern consciousness"
History of ideas,History of ideas - 8.txt,It is enormously empowering – even intoxicating – to lose yourself to a crowd. That is why we need contrarians
History of ideas,History of ideas - 9.txt,"Percy Shelley thought romantic love freed men and women from the strictures of monogamy, but did it free them equally?"
History of science,History of science - 1.txt,"To the detriment of the public, scientists and historians don’t engage with one another. They must begin a new dialogue"
History of science,History of science - 10.txt,Why the finest minds in 1930s Europe believed that scientists must engage with citizens or risk losing their moral compass
History of science,History of science - 11.txt,How a father’s mere curiosity about nature evolved during the Dutch Golden Age into the son’s focused scientific enquiry
History of science,History of science - 12.txt,How the quick thinking of internationally minded astronomers avoided stamping the solar system with petty European rivalries
History of science,History of science - 13.txt,"Protestantism didn’t hold back science – it revolutionised its methods, its theoretical content and its social significance"
History of science,History of science - 14.txt,"Two centuries before Einstein, Hume recognised that universal time, independent of an observer’s viewpoint, doesn’t exist"
History of science,History of science - 15.txt,How did the sailors of early modern Europe learn to traverse the world’s seas? By going to school and doing maths problems
History of science,History of science - 16.txt,"A century ago, a team of scientists chased the arc of starlight across a total eclipse to prove Einstein right on relativity"
History of science,History of science - 17.txt,"The great split between science and philosophy must be repaired. Only then can we answer the urgent, fundamental problems"
History of science,History of science - 18.txt,"In living memory, geologists believed that the Earth was slowly shrivelling, little guessing how vibrantly alive it truly is"
History of science,History of science - 19.txt,"Monsters once inhabited the mysterious fringes of the known world. In our human-dominated present, can they still be found?"
History of science,History of science - 2.txt,"From the Irish Giant to the Ancient One, is it ever ethical for scientists and museums to study bodies without permission?"
History of science,History of science - 20.txt,Mathematical ideas are some of the most transformative and beautiful in history. So why do they get so little attention?
History of science,History of science - 21.txt,Fake miniatures depicting Islamic science have found their way into the most august of libraries and history books. How?
History of science,History of science - 22.txt,"The idea that nature is a humming, complex, clockwork machine has been around for centuries. Is it due for a revival?"
History of science,History of science - 23.txt,One astronomer’s dimpled pie is another’s cratered moon. How can our mind’s eye learn to see the new and unexpected?
History of science,History of science - 24.txt,"Demanding that a theory is falsifiable or observable, without any subtlety, will hold science back. We need madcap ideas"
History of science,History of science - 25.txt,"Is Earth inside the Universe, or vice versa? Since we can grasp only a model of reality, how do we know what’s real?"
History of science,History of science - 26.txt,How spiritualists of the 19th century forged a lasting association between higher dimensions and the occult world
History of science,History of science - 27.txt,Thought experiments played a crucial role in the history of science. But do they tell us anything about the real world?
History of science,History of science - 28.txt,It might style itself as a grassroots movement but citizen science is little more than a cheap land-grab by big business
History of science,History of science - 29.txt,Perverse incentives and the misuse of quantitative metrics have undermined the integrity of scientific research
History of science,History of science - 3.txt,"How medieval thinkers foreshadowed modern physics in investigating the character of machines, devices and forces"
History of science,History of science - 30.txt,"Beastly births, ass-popes and satanic hybrids: nothing distils the weirdness of the early moderns like their woodcuts"
History of science,History of science - 31.txt,"Staid and conformist, science risks losing its creative spark. Does it need more mavericks, or are they part of the problem?"
History of science,History of science - 32.txt,"Drawing on intuition, Edgar Allan Poe offered some remarkably prescient ideas about the universe in his poem ‘Eureka’"
History of science,History of science - 33.txt,"Too much research is done on Western, Educated, Industrialised, Rich and Democratic students. Can science widen its base?"
History of science,History of science - 34.txt,The Fukushima disaster shows why the line between high and low risk is individual. Can we learn to manage our own safety?
History of science,History of science - 35.txt,Harassment drove me out of physics 30 years ago and little has changed. Why is scientific sexism so intractable?
History of science,History of science - 36.txt,"For a thrilling moment, it looked as though Joe Weber had bagged the biggest discovery in physics"
History of science,History of science - 37.txt,"The aquarium was once the best way to encounter the wonders of sea life. It has become a mere travesty, tacky and cruel"
History of science,History of science - 38.txt,Is the scientific endeavour always a bold and noble quest for truth? Not when it is writing its own history
History of science,History of science - 4.txt,"For hundreds of years, Christians knew exactly where heaven was: above us and above the stars. Then came the new cosmologists"
History of science,History of science - 5.txt,James Lovelock was a visionary whose greatest ideas were made possible by his unshakeable independence
History of science,History of science - 6.txt,Believe in the Loch Ness monster and you’re more likely to believe the Apollo missions were fake. How do weird beliefs work?
History of science,History of science - 7.txt,The cliché has it that the Copenhagen interpretation demands adherence without deep enquiry. That does physics a disservice
History of science,History of science - 8.txt,Looking past conventional histories of medicine we see that women delivered much of medieval healthcare. Just as today
History of science,History of science - 9.txt,"With evidence for efficacy so thin, and the stakes so high, why is ‘electroshock’ therapy still a mainstay of psychiatry?"
History of technology,History of technology - 1.txt,"From its mythic beginnings in a Chinese garden, the story of silk is a window into how weaving has shaped human history"
History of technology,History of technology - 10.txt,The most important moments in invention are sometimes the imaginative leaps – even when they turn out to be dead-ends
History of technology,History of technology - 11.txt,"For centuries, the powerful would never hold anything useful for themselves. How did devices become universal luxuries?"
History of technology,History of technology - 12.txt,From Stonehenge to Silicon Valley: how technology nurtured New Age ideas in a world supposedly stripped of its magic
History of technology,History of technology - 2.txt,"A group of 1970s campus librarians foresaw our world of distributed knowledge and research, and designed search tools for it"
History of technology,History of technology - 3.txt,Worried that technology is ‘breaking your brain’? Fears about attention spans and focus are as old as writing itself
History of technology,History of technology - 4.txt,For over a century telemedicine has promised healthcare for all. But will it ever replace seeing a human being in person?
History of technology,History of technology - 5.txt,"An exact mathematical concept, pixels are the elementary particles of pictures, based on a subtle unpacking of infinity"
History of technology,History of technology - 6.txt,How the hair-trigger nuclear age and fears of Armageddon inspired visionary cold warriors to invent the internet
History of technology,History of technology - 7.txt,"He’s a forgotten hippie idol, a sage of 1960s counterculture. What can we learn from Bucky Fuller’s faith in technology?"
History of technology,History of technology - 8.txt,Soviet scientists tried for decades to network their nation. What stalemated them is now fracturing the global internet
History of technology,History of technology - 9.txt,"If we abandon the cult of the Great White Innovator, we will understand the history of technology in a much deeper way"
History,History - 1.txt,The daggers that knights carried to the crusades help us understand why they thought of holy war as an act of love
History,History - 10.txt,You likely think of the American West as deeply conservative and rural. Yet history shows this politics is very new indeed
History,History - 11.txt,"Let your imagination take flight to the hunting, riding, adventurous lives of Scythia’s warrior women, the real Amazons"
History,History - 12.txt,How does a nation begin to take responsibility for its past wrongs? The German case suggests courage comes locally
History,History - 13.txt,Major disruptions in world history follow a clear pattern. What can upheavals of the past tell us about our own future?
History,History - 14.txt,The story of Marie Aymard and five generations of her family tells an intimate history of slavery in a small French town
History,History - 15.txt,"How Ivy Litvinov, the English-born wife of a Soviet ambassador, seduced America with wit, tea and soft diplomacy"
History,History - 16.txt,How a flawed logic of economic scarcity and social climbing spurred witch hunts in early modern Germany
History,History - 17.txt,"What shaped the thought of E P Thompson, the great historian of ordinary working people and champion of their significance?"
History,History - 18.txt,"Reinhart Koselleck, the last great theorist of history, sought in the apparent chaos of events a science of experience"
History,History - 19.txt,Historians believe that the past is irreducibly complex and the future wildly unpredictable. Scientists disagree. Who’s right?
History,History - 2.txt,"Her closeness to Pope John Paul furnished him with anti-abortion ideals, fuelled by her survival of the Ravensbrück camp"
History,History - 20.txt,"Far from being a recent or 21st-century phenomenon, people have chosen, courageously, to trans gender throughout history"
History,History - 21.txt,"History and philosophy should reveal to us the baffling, strange and wondrous qualities of other lives and other times"
History,History - 22.txt,"Muslims came to America more than a century before Protestants, and in great numbers. How was their history forgotten?"
History,History - 23.txt,"People in the Middle Ages took great care over cleanliness – except the clergy, who accepted filth as a sign of devotion"
History,History - 24.txt,"The spectre of a Nazi Britain, successfully invaded in 1940, continues to haunt the British political imagination"
History,History - 25.txt,Greco-Roman gods had no interest in the poor nor was organised charity a religious duty. How was Christianity different?
History,History - 26.txt,"Chinese psychiatry remains committed to the political ideal of mental hygiene, long after its discrediting in the West"
History,History - 27.txt,The casualties of the First World War brought a new understanding of human fragility and wholeness
History,History - 28.txt,"His name has become synonymous with egotistic political scheming, yet Machiavelli’s work is effectively democratic at heart"
History,History - 29.txt,What the archives of mental-health asylums reveal about the history of human heredity and the evolution of genetics
History,History - 3.txt,"From mansplaining about breastfeeding to debates on developmental toys, medieval parenting was full of familiar dilemmas"
History,History - 30.txt,"John Locke took part in administering the slave-owning colonies. Does that make him, and liberalism itself, hypocritical?"
History,History - 31.txt,In 1683 an Ottoman siege was repelled from the walls of Vienna. But it was far from a fight between Islam and Christendom
History,History - 32.txt,"Radical Quaker Benjamin Lay was a pioneer of abolitionism, who lived what he preached. So why was he erased from history?"
History,History - 33.txt,"Medieval people knew that love and pain and dread and desire made the experience of education possible, and could also sow ruin"
History,History - 34.txt,"Medieval people feared death by celibacy as much as venereal disease, and practiced complex sexual health regimens"
History,History - 35.txt,"Henry Theophilus Finck sought to transform the modern United States, by appealing to Americans’ tastebuds"
History,History - 36.txt,"During the Cold War, US propagandists worked to provide a counterweight to Communist media, but truth eluded them all"
History,History - 37.txt,"To help rule its empire, Britain turned to psychoanalysis. But they weren’t willing to hear the truth it told"
History,History - 38.txt,The veneration which surrounds the world’s last sacred kings shows how secular most of political life has become
History,History - 39.txt,"Short of a battlefield, the most violent place in medieval England was Oxford. Why did Brits stop beating each other up?"
History,History - 4.txt,The transgressions of working-class women formed the revolutionary heart of the 1871 Paris Commune
History,History - 40.txt,"Locke, Spinoza and Voltaire were all brilliant, but religious freedom in Europe was driven by statecraft not philosophy"
History,History - 41.txt,"Democracy, by nature, is a contest between clashing political desires. That is why the public square matters so much"
History,History - 42.txt,"When Cold War philosophy tied rational choice theory to scientific method, it embedded the free-market mindset in US society"
History,History - 43.txt,"The US Constitution guaranteed freedom of religion, but the fight for religious equality was only just beginning"
History,History - 44.txt,The Nazis have occupied France. It’s easy to condemn the collaborators. But be honest: what would you really do?
History,History - 45.txt,"All around the world, and throughout history, women have been shamed, sequestered, and medicalised for bleeding regularly"
History,History - 46.txt,Last century’s dictators wanted to reinvent their subjects as ‘new men’. This century’s strongmen just don’t care. Why?
History,History - 47.txt,LSD in the ’60s; ecstasy in the ’80s; ‘smart’ drugs today: how we get high reflects the desires and fears of our times
History,History - 48.txt,"In treating the nation’s founders as holy relics, America forgets they were revolutionaries and risk-takers"
History,History - 49.txt,‘The good old days’ is a virulent falsehood that infects those whose defences have been weakened by fear and insecurity
History,History - 5.txt,"Medical science can only tell us so much. To understand pain, we need the cultural tools of history, philosophy and art"
History,History - 50.txt,We are not the first to think that the human being might be much improved with the judicious application of electricity
History,History - 51.txt,A diplomat in British India blundered a border. The consequences continue to shape world politics
History,History - 52.txt,"A group of gentlemen antiquaries wanted to unite Britain. They turned to natural history, archaeology and linguistics"
History,History - 53.txt,"When the first ‘how-to’ books began to explain the way the world worked, they paved the way for science and secularism"
History,History - 54.txt,The founding moment of the United States brought a society newly freed from religion. What went wrong?
History,History - 55.txt,"In the light of the Syrian refugee crisis, how long can we cling to our traditional ideas of ‘Europe’ and ‘Asia’?"
History,History - 56.txt,"Two centuries ago, public armies replaced private ones as the dominant tool of warfare. Now, private armies are back"
History,History - 57.txt,"Contagion, poison and trigger. The idea that books are dangerous has a long history, and holds a kernel of truth"
History,History - 58.txt,The Arab Spring was two centuries in the making. But is the Egyptian revolution any closer to ending the state’s tyranny?
History,History - 59.txt,"From bison-hunting tribes on the Great Plains to RV retirees in Arizona, wanderlust runs through all America’s nomads"
History,History - 6.txt,"When a young street vendor found her name in a guidebook to the sex workers of Paris, she couldn’t live with the shame"
History,History - 60.txt,Aimé Césaire and Léopold Senghor had a radical vision for the world: decolonisation without national independence
History,History - 61.txt,"From Piltdown to Mormon seer stones, prehistory has always beckoned the trickster, since bad science makes for good stories"
History,History - 62.txt,"War isn’t like it used to be. Victory is more elusive, and a strong military doesn’t count as much"
History,History - 63.txt,"For centuries, Americans saw the Catholic Church as a dangerous foreign enemy. Not any more. What changed?"
History,History - 64.txt,"Social progress, high-speed transport and electricity everywhere – how the Victorians invented the future"
History,History - 65.txt,Americans love heroes. Is that why we idealise royalty even when real kings and princesses are nothing like the fairytales?
History,History - 66.txt,"Each tree and farm, street and courthouse of my home county rests on shallow-buried stories of slavery and Civil War"
History,History - 67.txt,"It came from an Egyptian tomb… Well no, actually, it didn’t. But once a myth lurches into life, there’s no stopping it"
History,History - 68.txt,"Even in the decade of dissent, Thomas Szasz stood alone when he attacked the idea of madness from the political Right"
History,History - 69.txt,"If my grandfather could survive the Siege of Leningrad and still distinguish between a German and a Nazi, so can I"
History,History - 7.txt,Ken Burns’s account of prohibition tells a popular story of booze in America. The historical record is far more sobering
History,History - 70.txt,"Was the green man, that pagan spirit of nature, in fact England’s secret symbol of resistance to Norman oppression?"
History,History - 71.txt,"We take Pericles’ funeral oration out of context at our peril. For a true picture of war, read Thucydides to the end"
History,History - 8.txt,"Is history a matter of individual agency and action, or of finding and quantifying underpinning structures and patterns?"
History,History - 9.txt,How our toothy modern smile was invented by a confluence of French dentistry and Parisian portrait-painting in the 1780s
Home,Home - 1.txt,"A household is a miniature ecosystem with inputs, outputs and flows: thinking like this can make life a whole lot better"
Home,Home - 2.txt,"From the footloose networker to the exiled migrant, home has been displaced by an idea that’s both elusive and contested"
Human evolution,Human evolution - 1.txt,Our childhood is preposterously long compared to other animals. Is it the secret to our evolutionary success?
Human evolution,Human evolution - 10.txt,"Conspiracy theories have always been with us, powered by an evolutionary drive to survive. How’s that working for us now?"
Human evolution,Human evolution - 11.txt,Universal emotions are the deep engine of human consciousness and the basis of our profound affinity with other animals
Human evolution,Human evolution - 12.txt,"Handprints on a cave wall, crumbs from a meal: the new science of Neanderthals radically recasts the meaning of humanity"
Human evolution,Human evolution - 13.txt,We still live in the long shadow of Man-the-Hunter: a midcentury theory of human origins soaked in strife and violence
Human evolution,Human evolution - 14.txt,New evidence about the ancient humans who occupied Asia is cascading in: the story of our species needs rewriting again
Human evolution,Human evolution - 15.txt,Early hominins who sailed across oceans left indirect evidence that they might have been the first to use language
Human evolution,Human evolution - 16.txt,"It’s not tools, culture or communication that make humans unique but our knack for offloading dirty work onto machines"
Human evolution,Human evolution - 17.txt,"Our imaginative life today has access to the pre-linguistic, ancestral mind: rich in imagery, emotions and associations"
Human evolution,Human evolution - 18.txt,"As far as we can tell, no other animal knows this. Did our understanding of baby-making change the course of human history?"
Human evolution,Human evolution - 2.txt,"To understand helpless human babies, our big brains and oddly involved dads, look to the evolution of birds not mammals"
Human evolution,Human evolution - 3.txt,"We have thought of humans for a century or more as creatures of the savannah, shaped in every way by grassland life. Not so"
Human evolution,Human evolution - 4.txt,Imagination isn’t just a spillover from our problem-solving prowess. It might be the core of what human brains evolved to do
Human evolution,Human evolution - 5.txt,"What pea-sized brain organoids reveal about consciousness, the self and our future as a species"
Human evolution,Human evolution - 6.txt,Not all Neanderthals were ‘cavemen’: half were women. What can archaeologists tell us about how they lived?
Human evolution,Human evolution - 7.txt,"The dance of love and lore between grandparent and grandchild is at the centre, not the fringes, of our evolutionary story"
Human evolution,Human evolution - 8.txt,"Art, adornment and sophisticated hunting technologies flourished not only in prehistoric Europe but across the globe"
Human evolution,Human evolution - 9.txt,Every human is both an animal with a deep evolutionary history and an individual who must bring their existence into being
Human reproduction,Human reproduction - 1.txt,The idea that millions of sperm are on an Olympian race to reach the egg is yet another male fantasy of human reproduction
Human reproduction,Human reproduction - 2.txt,"Women are chimeras, with genetic material from both their parents and children. Where does that leave individual identity?"
Human reproduction,Human reproduction - 3.txt,The proportion of twins in the population has waxed and waned in human history. For the first time we understand why
Human reproduction,Human reproduction - 4.txt,"Most American boys are circumcised as a matter of course. Now, many of them feel violated. Should the practice be banned?"
Human reproduction,Human reproduction - 5.txt,"Many promising male contraceptives are in development, but none have come to market. What’s taking so long?"
Human reproduction,Human reproduction - 6.txt,"If you were a poor Ugandan mother with a desperately ill baby, would you turn to Western medicine or the village healer?"
Human rights and justice,Human rights and justice - 1.txt,"A century after the trial against ‘Ulysses’, we must revisit the civil liberties arguments of its defender, Morris Ernst"
Human rights and justice,Human rights and justice - 10.txt,The glittering city-states of the Persian Gulf fit the classicist Moses Finley’s criteria of genuine slave societies
Human rights and justice,Human rights and justice - 11.txt,The idea of the ‘supply chain’ shackles how we think about economic justice. What forces could new metaphors unleash?
Human rights and justice,Human rights and justice - 12.txt,"Putting public services in private hands is bad economics. Worse, it undermines our bonds as a political community"
Human rights and justice,Human rights and justice - 13.txt,"The insanity defence offends the conscience, has no basis in modern psychiatry, and penalises poor and black defendants"
Human rights and justice,Human rights and justice - 14.txt,What the Lord’s Resistance Army can teach us about flaws in the ideal of human rights and the fight for justice
Human rights and justice,Human rights and justice - 15.txt,"History shows that tumult is a companion to democracy and when ordinary politics fails, the people must take to the streets"
Human rights and justice,Human rights and justice - 16.txt,Disability activists who look to queer theory for their politics end up limiting their real transgressive potential
Human rights and justice,Human rights and justice - 17.txt,Victims of sexual assault are commonly judged by the consistency of their story. But consistency is not a high road to truth
Human rights and justice,Human rights and justice - 18.txt,It is difficult to catch and straightforward to treat. So why does society still shame and punish people infected with HIV?
Human rights and justice,Human rights and justice - 19.txt,"Copyrights, patents and trademarks are all important, but the term ‘intellectual property’ is nonsensical and pernicious"
Human rights and justice,Human rights and justice - 2.txt,Thousands of Indigenous children suffered and died in residential ‘schools’ around the world. Their stories must be heard
Human rights and justice,Human rights and justice - 20.txt,"In the tapestry of diverse social groups, the loudest and most extreme get heard. To whom should we actually listen?"
Human rights and justice,Human rights and justice - 21.txt,"Throughout history, people found truth at holy places. Now we build courts, labs and altars to be truth spots too"
Human rights and justice,Human rights and justice - 22.txt,"Behind bars in Texas, I saw masculinity in all its violence and vulnerability. Was this the war that men had primed me for?"
Human rights and justice,Human rights and justice - 23.txt,"Indian society deludes itself that caste discrimination is a thing of the past, yet it suffuses the nation, top to bottom"
Human rights and justice,Human rights and justice - 24.txt,"It’s not a profound mystery, or explained by deep psychosocial complexity. For rapists, rape is easy. And that must stop"
Human rights and justice,Human rights and justice - 25.txt,"Hypotheticals, fantastical beings, and a fictional omnibus: legal reasoning is made supple by its use of the imagination"
Human rights and justice,Human rights and justice - 26.txt,It is everywhere illegal yet slavery persists in many corners of the global economy. How do its beneficiaries justify it?
Human rights and justice,Human rights and justice - 27.txt,"Conventional wisdom sees Socrates as a martyr for free speech, but he accepted his death sentence for a different cause"
Human rights and justice,Human rights and justice - 28.txt,Decriminalising the sex trade is touted as a means to empower women and rebrand a necessary service. This is utterly wrong
Human rights and justice,Human rights and justice - 29.txt,"Gay liberation didn’t begin with marches and political rallies, but with a revolution in thought"
Human rights and justice,Human rights and justice - 3.txt,"Taking up arms against slavery, the famous novelist foreshadowed the vexed role of the white woman activist today"
Human rights and justice,Human rights and justice - 30.txt,"Nonviolent politics have unique power to change the world, but they require strategic suffering and ascetic self-mastery"
Human rights and justice,Human rights and justice - 31.txt,"Modern feminism seeks equality with men. But in a dysfunctional society, that is nowhere near enough"
Human rights and justice,Human rights and justice - 32.txt,"Those accused of crimes are often asked to apologise, but status and prejudice may shape the impact of those apologies"
Human rights and justice,Human rights and justice - 33.txt,"Calling for secular reform in Pakistan’s politics earned me the enmity of the political Islamists, who tried to kill me"
Human rights and justice,Human rights and justice - 34.txt,Our myths are full of young heroes yet our media calls them tragic victims. What is the truth about child soldiers?
Human rights and justice,Human rights and justice - 35.txt,"A fixed constitution has no place in a modern democracy, so why is the founding document of the US still seen as sacred?"
Human rights and justice,Human rights and justice - 36.txt,"The story of Native American dispossession is too easily swept aside, but new visualisations should make it unforgettable"
Human rights and justice,Human rights and justice - 37.txt,"The great civil rights song turns 50 – the political made personal, and heartbreak transmuted into fiery action"
Human rights and justice,Human rights and justice - 38.txt,"Can humanitarian agencies still fly the flag of high principle, or are they just relics of an imperial model of charity?"
Human rights and justice,Human rights and justice - 39.txt,The US gun lobby claims that guns save lives and keep us safe from criminals – what do social scientists say?
Human rights and justice,Human rights and justice - 4.txt,Thousands of victims of political executions lie in anonymous graves. Forensics offers hope for the ‘forgotten’ ones
Human rights and justice,Human rights and justice - 40.txt,"My generation, once impassioned by the Western literature of rebellion, is now lulled by ‘Wealthy Socialism’"
Human rights and justice,Human rights and justice - 41.txt,"The war on drugs was always a war against an idea. But ideas have a shelf-life, too, and this one has lost its potency"
Human rights and justice,Human rights and justice - 42.txt,You know that censorship has won its war on truth-telling when journalists happily police themselves
Human rights and justice,Human rights and justice - 43.txt,We know solitary confinement annihilates the minds of its victims — but what does it do to the rest of us?
Human rights and justice,Human rights and justice - 44.txt,"The suicide statistics, squalor and recidivism haven’t ended solitary confinement. Maybe the brain studies will"
Human rights and justice,Human rights and justice - 45.txt,The ruling that Anders Breivik is sane leaves his ideas unchallenged. We need a new verdict for crimes of vainglory
Human rights and justice,Human rights and justice - 5.txt,"It is unjust, cruel and profoundly wasteful to consign a person to prison for life. A decent society must not do it"
Human rights and justice,Human rights and justice - 6.txt,It wasn’t all young men and guns: the Black Panther Party’s programs fed more hungry kids than the state of California
Human rights and justice,Human rights and justice - 7.txt,"We are suspended between the inescapable facts of our lives and what we do to contest them, nowhere more than in prison"
Human rights and justice,Human rights and justice - 8.txt,Patients and psychiatrists at Saint-Alban in France fought against fascism side by side. What can we learn from them?
Human rights and justice,Human rights and justice - 9.txt,What the United States and other settler societies can learn from South Africa’s push to create a nonracial democracy
Illness and disease,Illness and disease - 1.txt,The culture around breast cancer is full of positivity and femininity. But it comes at the expense of the marginalised
Illness and disease,Illness and disease - 10.txt,Medieval mystics starved the body to feed the soul. Understanding this perfectionist mindset could help treat anorexia today
Illness and disease,Illness and disease - 11.txt,Survivors of life-threatening illness can be left in profound fear and distress. Are they suffering from a form of PTSD?
Illness and disease,Illness and disease - 12.txt,"It is a crab; no, a worm; no, a wolf. Early physicians weren’t entirely wrong to imagine cancer as a ravenous disease"
Illness and disease,Illness and disease - 13.txt,Living with chronic illness is hard. But there are psychological techniques that make it possible to thrive even when ill
Illness and disease,Illness and disease - 14.txt,"For big pharma, the perfect patient is wealthy, permanently ill and a daily pill-popper. Will medicine ever recover?"
Illness and disease,Illness and disease - 15.txt,"In a warming world, ticks thrive in more places than ever before, making Lyme disease the first epidemic of climate change"
Illness and disease,Illness and disease - 16.txt,"Swine Flu, Naples Soldier, Ebola. Disease names express fear, create stigma and distract attention. Can they be improved?"
Illness and disease,Illness and disease - 17.txt,"A bold theory places infection at the root of Alzheimer’s, explaining why decades of treatment have done little good"
Illness and disease,Illness and disease - 18.txt,"A potent toxin that alters hormones and metabolism, sugar sets the stage for epidemic levels of obesity and diabetes"
Illness and disease,Illness and disease - 19.txt,"Some say that illness is morally improving, others that there is nothing good about being sick. Can philosophy adjudicate?"
Illness and disease,Illness and disease - 2.txt,Is it time to abandon the century-old idea that cancer is best met with a ‘fight’ from patients and their doctors alike?
Illness and disease,Illness and disease - 20.txt,"At least one in three Europeans and untold millions in Asia died. What was the source of this brutal, lethal efficiency?"
Illness and disease,Illness and disease - 21.txt,"It is time to disarm the military metaphor of the body as a battleground, with immune cells as the first line of defence"
Illness and disease,Illness and disease - 22.txt,Stem cell therapies for the scourges of old age are on the near horizon. Will they come in time for the Baby Boomers?
Illness and disease,Illness and disease - 23.txt,Most of our organs can be treated as repairable machines. Why can’t we treat mental illness by simply fixing the brain?
Illness and disease,Illness and disease - 24.txt,"Personal identity is tied to memory, but sometimes we find peace, clarity and a true sense of completeness in the lapses"
Illness and disease,Illness and disease - 25.txt,Dementia undermines all of our philosophical assumptions about the coherence of the self. But that might be a good thing
Illness and disease,Illness and disease - 26.txt,"In the battle against disease, the difference between a raging epidemic and a passing fever comes down to a single number"
Illness and disease,Illness and disease - 27.txt,"The next pandemic will erupt, not from the jungle, but from the disease factories of hospitals, refugee camps and cities"
Illness and disease,Illness and disease - 28.txt,"A second hurricane is battering New Orleans, this time it is an HIV catastrophe whipped up by prejudice and poverty"
Illness and disease,Illness and disease - 29.txt,"And so I entered a new world where every tap, squeak, clang, whisper and consonant exploded and sizzled inside my head"
Illness and disease,Illness and disease - 3.txt,"People with multiple chemical sensitivity seem to be allergic to the world. What, if anything, can medicine do for them?"
Illness and disease,Illness and disease - 30.txt,"HIV is preventable, yet it’s still with us. Is it time for all, gay and straight, to stop framing sex as a lethal weapon?"
Illness and disease,Illness and disease - 31.txt,Bipolar disorder can rage through life like a hurricane. So why does the US healthcare system leave us to cope alone?
Illness and disease,Illness and disease - 4.txt,‘Natural’ remedies are metaphysically inconsistent and unscientific. Yet they offer something that modern medicine cannot
Illness and disease,Illness and disease - 5.txt,"Viruses are active agents, existing within rich lifeworlds. A safe future depends on understanding this evolutionary story"
Illness and disease,Illness and disease - 6.txt,Cancer is part of multicellular life. Now the riotous growth of crested cacti show how humans might adapt to live with it
Illness and disease,Illness and disease - 7.txt,"In the 19th century, the rest cure tested women’s sanity. Today, it challenges cherished myths about work and productivity"
Illness and disease,Illness and disease - 8.txt,An operation to remove a brain cyst changed Matthew’s identity. Who will he become after the next round of surgery?
Illness and disease,Illness and disease - 9.txt,"From the Black Death to polio, the most dangerous pathogens have moved silently, transmitted by apparently healthy people"
Information and communication,Information and communication - 1.txt,A good conversation bridges the distances between people and imbues life with pleasure and a sense of discovery
Information and communication,Information and communication - 10.txt,"The sum of our clickstreams is not an objective measure of who we are, but a personal portrait of our hopes and desires"
Information and communication,Information and communication - 11.txt,Blockchain technology  will revolutionise far more than money: it will change your life. Here’s how it actually works
Information and communication,Information and communication - 12.txt,"The internet has spawned subtle forms of influence that can flip elections and manipulate everything we say, think and do"
Information and communication,Information and communication - 13.txt,"Websites and apps are designed for compulsion, even addiction. Should the net be regulated like drugs or casinos?"
Information and communication,Information and communication - 14.txt,"When no ancient chat or post is beyond the grasp of Google, what matters more: the right to forget, or to be remembered?"
Information and communication,Information and communication - 15.txt,Human genomics is just the start: the Earth has 50 billion tons of DNA. What happens when we have the entire biocode?
Information and communication,Information and communication - 16.txt,Algorithms are producing profiles of you. What do they say? You probably don’t have the right to know
Information and communication,Information and communication - 17.txt,"The hacker ethos is wild and anarchic, indifferent to the trappings of success. Or it was, until the gentrifiers moved in"
Information and communication,Information and communication - 18.txt,"When Chris Chafe translates data into music, listeners sway to the beat of seizing brains, economic swings and smog"
Information and communication,Information and communication - 19.txt,"For all the smart tech, we still feel pressed for time. Are digital services the problem, or are we humans to blame?"
Information and communication,Information and communication - 2.txt,Anonymous users generate most toxic abuse and conspiracy theories online. The right to be anonymous should be curtailed
Information and communication,Information and communication - 20.txt,Since imperial times Chinese governments have yearned for a perfect surveillance state. Will big data now deliver it?
Information and communication,Information and communication - 21.txt,"Junk news is like junk food – a quick bite that fails to nourish. Are slow-burning stories what we really want, and need?"
Information and communication,Information and communication - 22.txt,The cypherpunks are winning the crypto-war against government spies. What will happen when everyone is anonymous?
Information and communication,Information and communication - 23.txt,Public debate is afflicted by short-term thinking – how did history abdicate its role of inspiring the longer view?
Information and communication,Information and communication - 24.txt,"To end inequality, we must realise that it isn’t about the rich, it’s about the poor. And we know almost nothing about them"
Information and communication,Information and communication - 25.txt,Predictive policing could help prevent crime. But do we want a future where computer oracles and spies track us from birth?
Information and communication,Information and communication - 26.txt,If Narcissus were here he’d be busy on Instagram. Can we have a virtuous sense of worth without the vanity of self-love?
Information and communication,Information and communication - 27.txt,The internet promised to feed our minds with knowledge. What have we learned? That our minds need more than that
Information and communication,Information and communication - 28.txt,"With a flood of dark memes and viral horror stories, the internet is mapping the contours of modern fear"
Information and communication,Information and communication - 29.txt,"We surf the net, stream our films and save stuff in the cloud. Can we get all the nature we need from the digital world?"
Information and communication,Information and communication - 3.txt,"Lies and distortions don’t just afflict the ignorant. The more you know, the more vulnerable you can be to infection"
Information and communication,Information and communication - 30.txt,More human beings can write and type their every thought than ever before. Something to celebrate or deplore?
Information and communication,Information and communication - 31.txt,‘Openness’ is the new magic word in politics – but should governments really be run like Wikipedia?
Information and communication,Information and communication - 32.txt,"Old relationships should fade like a photograph, not haunt your social networks forever"
Information and communication,Information and communication - 4.txt,The first newspapers contained not high-minded journalism but hundreds of readers’ letters exchanging news with one another
Information and communication,Information and communication - 5.txt,It took a polymath to pin down the true nature of ‘information’. His answer was both a revelation and a return
Information and communication,Information and communication - 6.txt,The interesting thing about news has never been its truth or falsehood but how it explodes our sense of onrushing time
Information and communication,Information and communication - 7.txt,"My college students are never entirely present in class, addicted to texts and tech. Is there any hope left for learning?"
Information and communication,Information and communication - 8.txt,Technology promised to set us free. Instead it has trained us to withdraw from the world into distraction and dependency
Information and communication,Information and communication - 9.txt,Ever-faster feedback loops and micro-targeted digital porn are pushing human sexuality into some seriously weird places
Knowledge,Knowledge - 1.txt,Academics need to think harder about the purpose of their disciplines and whether some of those should come to an end
Knowledge,Knowledge - 10.txt,The risk of nihilism is that it alienates us from anything good or true. Yet believing in nothing has positive potential
Knowledge,Knowledge - 11.txt,"Assuming that another person’s opinions are immune from criticism is not a marker of respect. It is, in fact, dehumanising"
Knowledge,Knowledge - 12.txt,"Far from being a touchstone of the truth, knowledge is a stone-age concept that harms our dealings with the modern world"
Knowledge,Knowledge - 13.txt,"What makes a dinosaur real, but a unicorn unreal? Does philosophy even pretend to know how to answer a child’s questions?"
Knowledge,Knowledge - 14.txt,A growing number of philosophers are conducting experiments to test their arguments. Is this the future for philosophy?
Knowledge,Knowledge - 15.txt,First you don’t hear other views. Then you can’t trust them. Your personal information network entraps you just like a cult
Knowledge,Knowledge - 16.txt,"Contrary to recent opinion, there is such a thing as the self, and it is empirically amenable to scientific investigation"
Knowledge,Knowledge - 17.txt,The truth about health or personal relationships can entail pain and regret. Is it sometimes better to stay in the dark?
Knowledge,Knowledge - 18.txt,Archaeologists used to be obsessed with religion. Now they can’t be bothered with it. Is the field worse off?
Knowledge,Knowledge - 19.txt,Why do some people believe conspiracy theories? It’s not just who or what they know. It’s a matter of intellectual character
Knowledge,Knowledge - 2.txt,"In science our concepts have neat, hard edges. In poetry our concepts stretch and expand. Both are necessary for knowledge"
Knowledge,Knowledge - 20.txt,"Scientists seek demigod status, journals want blockbuster results, and retractions are on the rise: is science broken?"
Knowledge,Knowledge - 21.txt,"Junky, out-of-date science fuels jury errors and tragic miscarriages of justice. How can we throw it out of court?"
Knowledge,Knowledge - 22.txt,"When your reasons are worse than useless, sometimes the most rational choice is a random stab in the dark"
Knowledge,Knowledge - 23.txt,"What are the odds that Jesus rose or Moses parted the waves? Even with the best witnesses, vanishingly small"
Knowledge,Knowledge - 24.txt,"I have books on chopping wood, baking bread and butchery. But what do I really know if I never set foot in the forest?"
Knowledge,Knowledge - 25.txt,Speaking from the heart? Politicians who don’t want us questioning their facts rely on a time-honoured American trope
Knowledge,Knowledge - 3.txt,The ancient Sceptics used doubt as a way of investigating the world. Later thinkers undermined even that possibility
Knowledge,Knowledge - 4.txt,Science and mathematics may never fully capture the physical universe. Are there hard limits to human intelligence?
Knowledge,Knowledge - 5.txt,We need a new kind of approach to learning that shifts imagination from the periphery to the foundation of all knowledge
Knowledge,Knowledge - 6.txt,"For a century, the idea of truth has been deflated, becoming terrain from which philosophers fled. They must return – urgently"
Knowledge,Knowledge - 7.txt,Correct information doesn’t always come with its own bright halo of truth. What makes something worth believing?
Knowledge,Knowledge - 8.txt,"Kids don’t just say ‘the darndest things’. Playful and probing, they can be closer to the grain of life’s deepest questions"
Knowledge,Knowledge - 9.txt,The ignorant pundit is absolutely certain; the true expert understands their own limits and how to ask the right questions
Language and linguistics,Language and linguistics - 1.txt,"For First Nations people, health is not a matter of mechanical fitness of the body, but of language, identity and belonging"
Language and linguistics,Language and linguistics - 10.txt,"A special class of vivid, textural words defies linguistic theory: could ‘ideophones’ unlock the secrets of humans’ first utterances?"
Language and linguistics,Language and linguistics - 11.txt,"Bound by rules, yet constantly changing, language might be the ultimate self-regulating system, with nobody in charge"
Language and linguistics,Language and linguistics - 12.txt,"Is language produced by the mind? Romantic theory has it otherwise: words emerge from the cosmos, expressing its soul"
Language and linguistics,Language and linguistics - 13.txt,The study of languages has long been prone to nonsense. Why is linguistics such a magnet for dilettantes and crackpots?
Language and linguistics,Language and linguistics - 14.txt,Much of linguistic theory is so abstract and dependent on theoretical apparatus that it might be impossible to explain
Language and linguistics,Language and linguistics - 15.txt,People who can switch between street dialects and standard language might have the same cognitive advantage as bilinguals
Language and linguistics,Language and linguistics - 16.txt,Euphemisms are like underwear: best changed frequently. What work are they doing in our language and why do they expire?
Language and linguistics,Language and linguistics - 17.txt,"Human communication is a glorious chaos. And images, from art to emojis, sometimes say it so much better than language can"
Language and linguistics,Language and linguistics - 18.txt,What makes swear words so offensive? It’s not their meaning or even their sound. Is language itself a red herring here?
Language and linguistics,Language and linguistics - 19.txt,Orwell taught us to fear technocratic jargon that doesn’t let us say what we mean. But that is language at its best
Language and linguistics,Language and linguistics - 2.txt,Is Earth’s most-spoken language a living ‘gift’ or a many-headed ‘monster’? Both views distract us from the real dilemma
Language and linguistics,Language and linguistics - 20.txt,"No, English isn’t uniquely vibrant or mighty or adaptable. But it really is weirder than pretty much every other language"
Language and linguistics,Language and linguistics - 21.txt,The metaphor designer isn’t trying to make something beautiful. She wants to change your view on things. Here’s how
Language and linguistics,Language and linguistics - 22.txt,"Science once communicated in a polyglot of tongues, but now English rules alone. How did this happen – and at what cost?"
Language and linguistics,Language and linguistics - 23.txt,"If we want to safeguard our languages, stories and ideas against extinction, we had better study Egyptology"
Language and linguistics,Language and linguistics - 24.txt,"For decades, the idea of a language instinct has dominated linguistics. It is simple, powerful and completely wrong"
Language and linguistics,Language and linguistics - 25.txt,A push for English to be the official language of the US has both a dark history and a regressive vision for the future
Language and linguistics,Language and linguistics - 26.txt,"In a world that converses only in English, we’ll talk only of banal things: that’s why I want my children to be bilingual"
Language and linguistics,Language and linguistics - 3.txt,"At the crossroads of south and central Asia lies one of the world’s most multilingual places, with songs and poetry to match"
Language and linguistics,Language and linguistics - 4.txt,Why is English spelling so weird and unpredictable? Don’t blame the mix of languages; look to quirks of timing and technology
Language and linguistics,Language and linguistics - 5.txt,"European ideas of African illiteracy are persistent, prejudiced and, as the story of Libyc script shows, entirely wrong"
Language and linguistics,Language and linguistics - 6.txt,"How we came to represent (through inky marks) the vagaries of the mind, inflections of the voice, and intensity of feeling"
Language and linguistics,Language and linguistics - 7.txt,Brain-to-brain interfaces promise to bypass language. But do we really want access to one another’s unmediated thoughts?
Language and linguistics,Language and linguistics - 8.txt,"If language began with gestures around a campfire and secret signals on hunts, why did speech come to dominate communication?"
Language and linguistics,Language and linguistics - 9.txt,"Babies babble, medieval rustics sing ‘trolly-lolly’, and jazz exults in bebop. What does all this wordplay mean for language?"
Life stages,Life stages - 1.txt,Each new generation learns from its elders. But familial voices now compete for influence with a chorus of urgent others
Life stages,Life stages - 2.txt,"The five stages of grief can’t begin to explain it: grief affects the body, brain and sense of self, and patience is the key"
Life stages,Life stages - 3.txt,Millennials are as hard-working as anyone else – so why does pop culture pretend that all we do is party?
Life stages,Life stages - 4.txt,"I’m 43 years old now, damn it, and my life is amazing. So why am I comparing myself to some styled professional?"
Logic and probability,Logic and probability - 1.txt,Some have thought that logic will one day be completed and all its problems solved. Now we know it is an endless task
Logic and probability,Logic and probability - 10.txt,Some philosophers think maths exists in a mysterious other realm. They’re wrong. Look around: you can see it
Logic and probability,Logic and probability - 2.txt,"When logic fails to make sense of a world noisy with inconsistency, paraconsistent logics hold out (im)possible solutions"
Logic and probability,Logic and probability - 3.txt,"It seems only logical: if A is better than B, and B is better than C, then A is better than C. Right? Not necessarily"
Logic and probability,Logic and probability - 4.txt,"Thinking like a philosopher need not be a strange and arcane art, if you get started with these tricks of the trade"
Logic and probability,Logic and probability - 5.txt,Is logical thinking a way to discover or to debate? The answers from philosophy and mathematics define human knowledge
Logic and probability,Logic and probability - 6.txt,"Ockham’s Razor says that simplicity is a scientific virtue, but justifying this philosophically is strangely elusive"
Logic and probability,Logic and probability - 7.txt,"Either cause and effect are the very glue of the cosmos, or they are a naive illusion due to insufficient math. But which?"
Logic and probability,Logic and probability - 8.txt,"From a big lottery win to a disaster like the Titanic, unlikely stuff happens all the time. But can we summon it at will?"
Logic and probability,Logic and probability - 9.txt,Buddhist philosophy is full of contradictions. Now modern logic is learning why that might be a good thing
Love and friendship,Love and friendship - 1.txt,You might have the unconditional love of family and friends and yet feel deep loneliness. Can philosophy explain why?
Love and friendship,Love and friendship - 10.txt,"Romantic expectations are often ridiculous and unhelpful, but attachment science can guide us to real and lasting love"
Love and friendship,Love and friendship - 11.txt,Female friendship is central to much recent fiction and film. What can it say about the role of relationships in identity?
Love and friendship,Love and friendship - 12.txt,"Hold out for the perfect partner or settle for good enough? In the calculus of love, flourishing means getting it right"
Love and friendship,Love and friendship - 13.txt,"Envy is the dark side of love, but love is the luminous side of envy. Is there a way to harness envy wisely, for growth?"
Love and friendship,Love and friendship - 14.txt,"Lovers crave intensity, Buddhists say craving causes suffering. Is it possible to be deeply in love yet truly detached?"
Love and friendship,Love and friendship - 15.txt,"Robot relationships need not be kinky, exploitative or fake. In fact they might give human relationships a helpful boost"
Love and friendship,Love and friendship - 16.txt,"Evolutionary theory says men stray to increase offspring, but what motivates women? Enter the mate-switching hypothesis"
Love and friendship,Love and friendship - 17.txt,Even the best of friends can fill you with tension and make you sick. Why does friendship so readily turn toxic?
Love and friendship,Love and friendship - 18.txt,"A white gown, a grand reception, a multi-tiered cake – the stuff of a traditional wedding or something else entirely?"
Love and friendship,Love and friendship - 19.txt,"Felines walk the line between familiar and strange. We stroke them and they purr, then in a trice they pounce"
Love and friendship,Love and friendship - 2.txt,Contemporary wisdom says that happiness is the measure of a marriage. But is that a harmful way of judging relationships?
Love and friendship,Love and friendship - 20.txt,"I love her and it’s a secret. I love her so much it kills me, and you bet I’d sooner die than tell her"
Love and friendship,Love and friendship - 21.txt,"We each carry an intricate machinery of love, calibrating and attuning our moods and bodies to one another"
Love and friendship,Love and friendship - 22.txt,Sherlock was right – new research shows that seeing through another’s eyes takes a detached mind not just a warm heart
Love and friendship,Love and friendship - 3.txt,Love is both a wonderful thing and a cunning evolutionary trick to control us. A dangerous cocktail in the wrong hands
Love and friendship,Love and friendship - 4.txt,"Sure, lovers and children are great. But friends are more than ever the heart of happiness, of family and of love itself"
Love and friendship,Love and friendship - 5.txt,Hurts – your own or those done to you – keep you stuck. Forgiveness therapy can help you gain perspective and move on
Love and friendship,Love and friendship - 6.txt,Marriage is practised in every society yet is in steep decline globally. Is this it for longterm intimate relationships?
Love and friendship,Love and friendship - 7.txt,"Humans teeter on a knife’s edge. The same deep chemistry that fosters bonding can, in a heartbeat, pivot to fear and hate"
Love and friendship,Love and friendship - 8.txt,A polyamorous friend challenges me: are you really happily monogamous or are you just hung up about your philandering dad?
Love and friendship,Love and friendship - 9.txt,"For Simone de Beauvoir, authentic love is an ethical undertaking: it can be spoilt by devotion as much as by selfishness"
Making,Making - 1.txt,The chasm between producers and consumers leaves many of us estranged from beauty and a vital part of an ethical life
Making,Making - 2.txt,Your balcony fell off? Chabuduo. Vaccines are overheated? Chabuduo. How China became the land of disastrous corner-cutting
Mathematics,Mathematics - 1.txt,These odd values were long dismissed as bookkeeping. Now physicists are proving that they describe the hidden shape of nature
Mathematics,Mathematics - 10.txt,"Order and conformity make for satisfying number puzzles, but eerie countries. Welcome, Daniel Tammet, to Oman"
Mathematics,Mathematics - 2.txt,"If philosophers and mathematicians struggle with probability, can gamblers really hope to grasp their losing game?"
Mathematics,Mathematics - 3.txt,"A single statistic, or its misuse, can help upend a nation. Civic life depends on a basic level of statistical literacy"
Mathematics,Mathematics - 4.txt,"Despite the vagaries of free will and circumstance, human behaviour in bulk is far more predictable than we like to imagine"
Mathematics,Mathematics - 5.txt,It’s no surprise that mathematics has influenced music. But did you know that the influence goes both ways?
Mathematics,Mathematics - 6.txt,Where does our number sense come from? Is it a neural capacity we are born with — or is it a product of our culture?
Mathematics,Mathematics - 7.txt,"The world is full of mundane, meek, unconscious things embodying fiendishly complex mathematics. What can we learn from them?"
Mathematics,Mathematics - 8.txt,Facts about the past and present are either true or false. Can knowledge of the future offer the same degree of certainty?
Mathematics,Mathematics - 9.txt,Academic psychology and medical testing are both dogged by unreliability. The reason is clear: we got probability wrong
Meaning and the good life,Meaning and the good life - 1.txt,Life can be better appreciated when you remember how wonderfully and frighteningly unlikely it is that you exist at all
Meaning and the good life,Meaning and the good life - 10.txt,Humanity is nothing more than a microscopic blip in the Universe. But does that mean we are insignificant?
Meaning and the good life,Meaning and the good life - 11.txt,"Humanity is more technologically powerful than ever before, and yet we feel ourselves to be increasingly fragile. Why?"
Meaning and the good life,Meaning and the good life - 12.txt,Few of the great existentialists had children. How can their philosophy help with the anxiety and dread of fatherhood?
Meaning and the good life,Meaning and the good life - 13.txt,"Your decision about whether to procreate is serious. That makes it philosophy’s business, alarming as that might sound"
Meaning and the good life,Meaning and the good life - 14.txt,"Just like pain, boredom is an aversive and unpleasant experience that we need to have in order to truly live well"
Meaning and the good life,Meaning and the good life - 15.txt,Since ancient times philosophy has tried to cure us of anxiety. But worry is an important part of being a moral person
Meaning and the good life,Meaning and the good life - 16.txt,Science is discovering what religion has always known: forgiveness is good for us. But that doesn’t make it any easier
Meaning and the good life,Meaning and the good life - 17.txt,"As legions of warriors and prisoners can attest, Stoicism is not grim resolve but a way to wrest happiness from adversity"
Meaning and the good life,Meaning and the good life - 18.txt,Our forward-charging culture sees regret as a sign of weakness and failure. But how else can we learn from our past?
Meaning and the good life,Meaning and the good life - 19.txt,Shamanic powers of insight and the power to bring order out of chaos. Is the detective a priestly figure for our times?
Meaning and the good life,Meaning and the good life - 2.txt,"From monks to existentialists and hipsters, the search for a true self has been a centuries-long project. Should we give it up?"
Meaning and the good life,Meaning and the good life - 20.txt,"Happiness is not the same as a sense of meaning. How do we go about finding a meaningful life, not just a happy one?"
Meaning and the good life,Meaning and the good life - 3.txt,Do deathbed regrets give us a special insight into what really matters in life? There are good reasons to be sceptical
Meaning and the good life,Meaning and the good life - 4.txt,A violinist plays in a concentration camp. A refugee carries a book of poetry. Art sustains us when survival is uncertain
Meaning and the good life,Meaning and the good life - 5.txt,"A decades-long conversation between friends about books, photography and life, exploring what it is to know, to look, to see"
Meaning and the good life,Meaning and the good life - 6.txt,The fantasy of living forever is just a fig leaf for the fear of death – and comes at great personal cost
Meaning and the good life,Meaning and the good life - 7.txt,Lightning can strike twice and people do call just when you’re thinking of them – but are such coincidences meaningful?
Meaning and the good life,Meaning and the good life - 8.txt,Modern self-help draws heavily on Stoic philosophy. But Aristotle was better at understanding real human happiness
Meaning and the good life,Meaning and the good life - 9.txt,"Ethics cannot be based on human nature because, as evolutionary biology tells us, there is no such thing"
Medicine,Medicine - 1.txt,"Eager for medical breakthroughs, some doctors take enormous risks experimenting on themselves. Should we celebrate them?"
Medicine,Medicine - 10.txt,Are you average? Typical? Ideal? Adequate? The idea of ‘normal’ is a historical construct and it’s time we got rid of it
Medicine,Medicine - 11.txt,A new medical device enables the expulsion of stomach contents for weight loss. Are you feeling disgusted? Should you be?
Medicine,Medicine - 12.txt,"Traditional Chinese medicine is an odd, dangerous mix of sense and nonsense. Can it survive in modern China?"
Medicine,Medicine - 2.txt,"Modern biomedicine sees the body as a closed mechanistic system. But illness shows us to be permeable, ecological beings"
Medicine,Medicine - 3.txt,"There’s a strange, and deeply human, story behind how we taught machines to breathe for critically ill patients"
Medicine,Medicine - 4.txt,Why do so many see vaccines and other medical interventions as tools of social control rather than boons to health?
Medicine,Medicine - 5.txt,How a concern to protect the autonomy of patients leads to the exclusion of families just when they are needed the most
Medicine,Medicine - 6.txt,"The backlash against antidepressants results from a suspicion of medicine, and misunderstands the very nature of depression"
Medicine,Medicine - 7.txt,You might think they are disgusting. But our war against intestinal worms has damaged our immune systems and mental health
Medicine,Medicine - 8.txt,"When antibiotics fail, could phage therapy succeed? The germ’s-eye view of infection might open up revolutionary treatments"
Medicine,Medicine - 9.txt,"Therapeutic hypothermia could save lives, propel interstellar travel and expand consciousness. Why the cold feet?"
Mental health,Mental health - 1.txt,Training individuals to support one another through difficult times is a profound step forward in our mental health crisis
Mental health,Mental health - 10.txt,"Our system for diagnosing mental disorders doesn’t work. The transdiagnostic model offers a humane, clinically sound alternative"
Mental health,Mental health - 11.txt,"It was one terrifying, exciting night of delusions, hallucinations and paranoia. What would it teach a future psychologist?"
Mental health,Mental health - 12.txt,"We keep chasing happiness, but true clarity comes from  depression and existential angst. Admit that life is hell, and be free"
Mental health,Mental health - 13.txt,Evolved human capacities for vigilance and worry are both exacerbated and rewarded by the intense pressure of modern life
Mental health,Mental health - 14.txt,"Even with loving parents and caring therapists, a child whose diagnosis came too late can lose the fight"
Mental health,Mental health - 15.txt,Depression is a very complex disorder and we simply have no good evidence that antidepressants help sufferers to improve
Mental health,Mental health - 16.txt,Individuals living with depersonalisation disorder bring vivid insight to the question of whether the self is an illusion
Mental health,Mental health - 17.txt,Just one in five people will be lucky enough to avoid mental health problems throughout their life. How do they do it?
Mental health,Mental health - 18.txt,My anxiety has been lifelong but I would not wish it away. It has made me the philosopher – and person – that I am today
Mental health,Mental health - 19.txt,"Like a reptile lodged within me, paranoia hatches unbelievable conspiracies that my mind embraces with stunning naivety"
Mental health,Mental health - 2.txt,Holding back the truth can take a huge toll on your relationships and your mental health. Why? And is there a better way?
Mental health,Mental health - 20.txt,"Hallucinated voices can be helpful life guides, muses of creativity, and powerful agents for healing the fractured self"
Mental health,Mental health - 21.txt,Anorexia remains a deadly and mysterious illness. Could radical new brain treatments offer the possibility of a cure?
Mental health,Mental health - 22.txt,"PTSD has come to signify the moral, social and political suffering of war. But not all  suffering is a mental illness"
Mental health,Mental health - 23.txt,"My OCD had been creating vivid, painful rituals for years. So could Buddhist ritual give me a means to fight back?"
Mental health,Mental health - 24.txt,"I had a phobia of anyone hearing me play the piano. With practice, could my memory help me overcome it?"
Mental health,Mental health - 25.txt,Governments are now providing free psychotherapy to their citizens. Is there a limit to state-sponsored happiness?
Mental health,Mental health - 26.txt,"Mid-air is a bad place, where nightmares happen. Only witches and meteorites belong there. Avoid it or be destroyed"
Mental health,Mental health - 3.txt,"When I returned to Kenya, where I grew up, I found biomedicine and traditional medicine in conversation about mental health"
Mental health,Mental health - 4.txt,"Evidence is growing that mental illness is more than dysfunction, with enormous implications for treatment"
Mental health,Mental health - 5.txt,"Deep brain stimulation not only treats psychiatric disease – it changes the whole person, boosting confidence and openness"
Mental health,Mental health - 6.txt,"When a person is in distress, we can draw on deep, evolved mechanisms to calm the storm, through attention, touch and care"
Mental health,Mental health - 7.txt,"The p-factor is the dark matter of psychiatry: an invisible, unifying force that might lie behind a multitude of mental disorders"
Mental health,Mental health - 8.txt,The skilled manipulator casts a shadow of doubt over everything that you feel or think. Therapy can bring the daylight in
Mental health,Mental health - 9.txt,Extraordinary beliefs don’t arise in a vacuum. They take root in minds confronted by unusual and traumatic experiences
Metaphysics,Metaphysics - 1.txt,Being a twin (as our author knows) cracks open our ideas of the perfectly bounded self and might liberate us all
Metaphysics,Metaphysics - 2.txt,Neither atheism nor theism adequately explains reality. That is why we must consider the middle ground between the two
Metaphysics,Metaphysics - 3.txt,I am an unequivocal rationalist and yet I still want to see something strange and wonderful in life’s weird coincidences
Metaphysics,Metaphysics - 4.txt,A dragon needs the clouds and the wind in order to fly. What happens when we too relinquish individualistic reasoning?
Metaphysics,Metaphysics - 5.txt,Alethic nihilism is the theory that nothing is true. There is much to gain by taking this radical idea seriously
Metaphysics,Metaphysics - 6.txt,Face transplants expose deep-held prejudices about identity and wellbeing. Are these ideas ripe for a radical rethink?
Metaphysics,Metaphysics - 7.txt,"Does the mother contain the foetus or is it a part of her? On the metaphysics of pregnancy, and its ethical implications"
Metaphysics,Metaphysics - 8.txt,"Life’s most meaningful experiences can leave us tongue-tied. What can be said, let alone understood, about the unsayable?"
Metaphysics,Metaphysics - 9.txt,"The legendary comics author Alan Moore has written a million-word novel, tribute to every eternal speck in his universe"
Mood and emotion,Mood and emotion - 1.txt,Suffering the sudden death of a loved person leaves some survivors stuck in grief. Can they win their lives back – and how?
Mood and emotion,Mood and emotion - 10.txt,"It is a guilty pleasure and undergirds nationalist bombast, yet nostalgia for the past can help propel us into the future"
Mood and emotion,Mood and emotion - 11.txt,To those who say anger is destructive or pointless: Not so! Getting angry spurs and sustains us to take action for justice
Mood and emotion,Mood and emotion - 12.txt,"How did feeling good become a matter of relentless, competitive work; a never-to-be-attained goal which makes us miserable?"
Mood and emotion,Mood and emotion - 13.txt,Practising the Greek virtues of wisdom and courage is one thing. But being cheerful the American way borders on psychosis
Mood and emotion,Mood and emotion - 14.txt,"The Romantic stereotype that creativity is enhanced by a mood disorder is dangerous, and dissolves under careful scrutiny"
Mood and emotion,Mood and emotion - 15.txt,Cognitive behavioural therapy has created interventions that truly help people to change. Here are the best of them
Mood and emotion,Mood and emotion - 16.txt,A bear chasing you is simply scary but a guy with a big mouse’s head can give you the creeps. What’s the difference?
Mood and emotion,Mood and emotion - 17.txt,Loneliness is hell: debilitating yet formative. Can we avoid the pains of loneliness yet enjoy the pleasures of solitude?
Mood and emotion,Mood and emotion - 18.txt,Hunger isn’t in your stomach or your blood-sugar levels. It’s in your mind – and that’s where we need to shape up
Mood and emotion,Mood and emotion - 19.txt,An ordinary person becomes a torturer with surprising ease. The hard part comes when it’s time to be human again
Mood and emotion,Mood and emotion - 2.txt,"Full of implicit rules and paradoxes, sulking is a marvellous example of intense communication without clear declaration"
Mood and emotion,Mood and emotion - 20.txt,Self-help books might have a reputation for nonsense but the best of them are more effective than medication or therapy
Mood and emotion,Mood and emotion - 21.txt,"Does relentless enthusiasm really help the world, or should generation TED learn to take a more sceptical view?"
Mood and emotion,Mood and emotion - 22.txt,"Sadness makes us seem nobler, more elegant, more adult. Which is pretty weird, when you think about it"
Mood and emotion,Mood and emotion - 23.txt,"I am an atheist and a Quaker. Does it matter what I believe, when I recognise that religion is something I need?"
Mood and emotion,Mood and emotion - 3.txt,"Unlike anger, irritation has neither glamour nor radicalism on its side. Yet it might just be the mood we need right now"
Mood and emotion,Mood and emotion - 4.txt,Hope is usually seen as a positive agent of change that spares us from pain. But it can also undermine healing and growth
Mood and emotion,Mood and emotion - 5.txt,"Even when you know that prospects are grim, hope can help. It’s not just a feeling, but a way to step into the future"
Mood and emotion,Mood and emotion - 6.txt,"Is anger like energy, forever changing form but never dissipating, or part of our repertoire of desires, the cry of a need unmet?"
Mood and emotion,Mood and emotion - 7.txt,What if emotions are not universal and hardwired but exquisite acts of meaning-making specific to context and culture?
Mood and emotion,Mood and emotion - 8.txt,The painful feelings you avoid grow twisted in the dark. By facing your sorrows and struggles you can take back your life
Mood and emotion,Mood and emotion - 9.txt,"In an age thick with anger and fear, we might dream of a purely rational politics but it would be a denial of our humanity"
Music,Music - 1.txt,"One day, my hand stopped speaking to my brain. As a doctor and flute player, I had to understand this strange affliction"
Music,Music - 10.txt,"We never just hear music. Our experience of it is saturated in cultural expectations, personal memory and the need to move"
Music,Music - 11.txt,One grim day (when youth is over) you find that new music gets on your nerves. But why do our musical tastes freeze over?
Music,Music - 12.txt,We use neat stories to explain everything from sports matches to symphonies. Is it time to leave the nursery of the mind?
Music,Music - 13.txt,"A cracked voice, an empty bank account, a tour of duty. Who would have thought so much light could still get in?"
Music,Music - 2.txt,"As AI drum machines embrace humanising imperfections, what does this mean for ‘real’ drummers and the soul of music?"
Music,Music - 3.txt,Will a new generation of women on the podium perpetuate the tyrannical charisma of their male predecessors or overturn it?
Music,Music - 4.txt,"From Tallis’s choral beauty to the unnerving bells of Mexico City, early modern power created a whole new world of sound"
Music,Music - 5.txt,"A song can take you on a journey of ecstatic arousal. Is music imitating sex, inviting it, or something else altogether?"
Music,Music - 6.txt,Look beneath the surface of Bach’s music and you will find a fascinating hidden world of numerology and cunning craft
Music,Music - 7.txt,"How did the city of elegant classicism give birth to an explosive modernism, threatening to destroy its very traditions?"
Music,Music - 8.txt,The music of Bach is full of suggestive structures of counterpoint and recursion (even if Hofstadter got it quite wrong)
Music,Music - 9.txt,"We know music is pleasurable, the question is why? Many answers have been proposed: perhaps none are quite right"
Nations and empires,Nations and empires - 1.txt,Displacing and destroying peoples by colonisation is not just a historical Western evil but a global and contemporary one
Nations and empires,Nations and empires - 10.txt,"Vandals, Goths, Alemanni, Sueves… the Romans grappled endlessly with the status of ethnic peoples in their vast empire"
Nations and empires,Nations and empires - 11.txt,Globalism is out. Nationalism is in. Progressives who think they can jump aboard are dangerously naive
Nations and empires,Nations and empires - 12.txt,The fall of the Roman Empire wasn’t a tragedy for civilisation. It was a lucky break for humanity as a whole
Nations and empires,Nations and empires - 13.txt,How a country used myth and mystique to tempt global investors – and seeded a toxic Hindu nationalism in the process
Nations and empires,Nations and empires - 14.txt,Americans liked to believe that Japan was Westernising through the 20th century but Japan was vigorously doing the opposite
Nations and empires,Nations and empires - 15.txt,How a utopian vision of Black freedom and self-government was undone in a world still in thrall to slavery and racism
Nations and empires,Nations and empires - 16.txt,"One of the first mass deportations in the modern world, administered by state bureaucrats, took place on American soil"
Nations and empires,Nations and empires - 17.txt,"Moving between the Russian, Iranian and Young Turk revolutions, cosmopolitan Armenians helped usher in the 20th century"
Nations and empires,Nations and empires - 18.txt,"Jesuits knew the miserable truth of European empire in India and Brazil, yet their writings rendered it grandiose and sacred"
Nations and empires,Nations and empires - 19.txt,"European colonisation put an abrupt end to political experiments towards a more equal, diverse and ecumenical Arab world"
Nations and empires,Nations and empires - 2.txt,Imperial Russia had little access to the bountiful tropics that other empires enjoyed. So it created its own in the Caucasus
Nations and empires,Nations and empires - 20.txt,"Facing annihilation, the Lakota instead remade themselves – and took a lead role among the world’s Indigenous peoples"
Nations and empires,Nations and empires - 21.txt,"As loan sharks, drug smugglers, generals and plant hunters, Scots played a central role in expanding the British Empire"
Nations and empires,Nations and empires - 22.txt,"For centuries, Europeans in Asia were guests, trading partners and subordinates. Only much later did Empire seem imaginable"
Nations and empires,Nations and empires - 23.txt,"In 20th-century Turkey, modernisers turned to eugenics and claims of an ancient Asian past to argue that Turks were white"
Nations and empires,Nations and empires - 24.txt,The British honours system has outlived the Empire it was designed to foster. Does it have a role in the world today?
Nations and empires,Nations and empires - 25.txt,"Nations come with a vast array of peoples, languages and histories, but the strong ones share three simple things"
Nations and empires,Nations and empires - 26.txt,Eighteenth-century Indian arms were as sophisticated as European. Then came the British Empire to drive industry backwards
Nations and empires,Nations and empires - 27.txt,"The nation-state remains the best foundation for capitalism, and hyper-globalisation risks destroying it"
Nations and empires,Nations and empires - 28.txt,"Not just American or British, the Anglo-Saxon is a mirror to Frenchness: the country’s alter-ego and most feared enemy"
Nations and empires,Nations and empires - 29.txt,"The Tudors are always good box office, but their melodramatic lives distract from a much deeper legacy of civic nationhood"
Nations and empires,Nations and empires - 3.txt,"Amid the chaos of the First World War, a new pan-Arab empire was proclaimed. It faltered, but its historical lessons remain"
Nations and empires,Nations and empires - 4.txt,Lenin envisioned Soviet unity. Stalin called Russia ‘first among equals’. Yet Russian nationalism never went away
Nations and empires,Nations and empires - 5.txt,"In 1900 my grandfather’s generation imagined a modernising Arab world, multireligious and progressive. What happened?"
Nations and empires,Nations and empires - 6.txt,The British Empire was first built on slavery and then on the moral and economic self-confidence of antislavery
Nations and empires,Nations and empires - 7.txt,"To be Persian before nationalism was to belong to a generous, plural identity woven through language, kin and manners"
Nations and empires,Nations and empires - 8.txt,There is no American history without the histories of Indigenous and enslaved peoples. And this past has consequences today
Nations and empires,Nations and empires - 9.txt,Shaking off Nazism was no simple matter: the work to create a plural and peacable Germany was prolonged and painful
Nature and landscape,Nature and landscape - 1.txt,"In an era of 20th-century suburban sprawl, the great designer Russell Page infused soulful philosophy into his gardens"
Nature and landscape,Nature and landscape - 2.txt,"In the dark, sylvan villages of medieval England, people named places after the birds that filled the night with music"
Nature and landscape,Nature and landscape - 3.txt,Too many nature writers descend into poetic self-absorption instead of the sharp-eyed realism the natural world deserves
Nature and landscape,Nature and landscape - 4.txt,Our cities are filled by the hubbub of human-made noise. Where shall we find the quietness we need to nurture our spirit?
Nature and landscape,Nature and landscape - 5.txt,"What if, rather than mere props in the background of our lives, trees embody the history of all life on Earth?"
Nature and landscape,Nature and landscape - 6.txt,"‘At times it returns, in the motionless calm of the day, that memory of living immersed, absorbed, in the stunned light’"
Neurodiversity,Neurodiversity - 1.txt,We live in a world that must move beyond identity politics and embrace new models of the mind. Enter psydiversity
Neurodiversity,Neurodiversity - 2.txt,"With my pen hovering over a form, there is no easy answer: better to provoke stigma with support, or resist classification?"
Neurodiversity,Neurodiversity - 3.txt,"The movement has good intentions, but it favours the high-functioning and overlooks those who struggle with severe autism"
Neurodiversity,Neurodiversity - 4.txt,Too many depictions of autistic people rely on tired clichés. The neurotypical world needs to take note of our own voices
Neurodiversity,Neurodiversity - 5.txt,How an autism diagnosis became both a clinical label and an identity; a stigma to be challenged and a status to be embraced
Neurodiversity,Neurodiversity - 6.txt,"Eugenic ideas about criminal genes have been repudiated for decades, but a new biological approach to crime is emerging"
Neurodiversity,Neurodiversity - 7.txt,I was 17 when concussion put me on the bench for good. Only now do we understand how sports injuries affect the mind
Neuroscience,Neuroscience - 1.txt,The spooky sensation that someone or something else is right there haunts us all. But what does this felt presence mean?
Neuroscience,Neuroscience - 10.txt,DBS is an incredibly promising intervention for intractable neurological and psychiatric illness. What are the risks?
Neuroscience,Neuroscience - 11.txt,"For centuries, people have navigated the globe using instruments. But what if the Earth itself can help us feel our way?"
Neuroscience,Neuroscience - 12.txt,"Our brains predict the outcomes of our actions, shaping reality into what we expect. That’s why we see what we believe"
Neuroscience,Neuroscience - 13.txt,"The science of how we sense ourselves from within, including our bodily states, is creating a radical picture of selfhood"
Neuroscience,Neuroscience - 14.txt,Neurofeedback can put thoughts in your head and help you conquer phobias – even when you’re unaware of what it’s doing
Neuroscience,Neuroscience - 15.txt,"From a very early age, children learn to talk to themselves. That voice in your head is the thing that makes you, you"
Neuroscience,Neuroscience - 16.txt,Even experts can’t predict violence or suicide. Surely we’re kidding ourselves that we can see inside the minds of others
Neuroscience,Neuroscience - 17.txt,"Neuroscience gives us invaluable, wondrous knowledge about the brain – including an awareness of its limitations"
Neuroscience,Neuroscience - 18.txt,A revival of interest in the power of introspection and thought has brought Freud’s ideas back into the scientific fold
Neuroscience,Neuroscience - 19.txt,"If each bout of depression, bipolar disorder or PTSD makes another more likely, should sufferers stay on medication for life?"
Neuroscience,Neuroscience - 2.txt,Energy flow between brain and environment drives the non-equilibrium that sustains life. Could turbulence help us thrive?
Neuroscience,Neuroscience - 20.txt,"Fixing chronic back pain is possible only when patients understand how much it is produced by the brain, not the spine"
Neuroscience,Neuroscience - 21.txt,"Before fathering psychoanalysis, Freud first slayed the dominant Cartesian intellectual tradition of mind-body dualism"
Neuroscience,Neuroscience - 22.txt,Seeing things that are hidden; failing to see things in plain sight. How magic exploits the everyday weirdness of perception
Neuroscience,Neuroscience - 23.txt,"The subtle flows and toxic hits of stress get under the skin, making and breaking the body and brain over a lifetime"
Neuroscience,Neuroscience - 24.txt,"We ride a stream of naked neurons, stripped of their sheaths,  to the most blissful moments and deepest intimacies of life"
Neuroscience,Neuroscience - 25.txt,"She can paint, but not name a painting; learn new music without knowing a tune. Lonni Sue is teaching us much about memory"
Neuroscience,Neuroscience - 26.txt,"How animals navigate their way around provides clues to how the brain forms, stores and retrieves memories"
Neuroscience,Neuroscience - 27.txt,Filmmakers have tapped laws of perception still unexplored by neuroscience to create a visual feast in the brain
Neuroscience,Neuroscience - 28.txt,"Look into my eyes: the fantastical history, mysterious healing power and emergent neuroscience of hypnosis"
Neuroscience,Neuroscience - 29.txt,It looks like scientists and philosophers might have made consciousness far more mysterious than it needs to be
Neuroscience,Neuroscience - 3.txt,Social media makes us feel terrible about who we really are. Neuroscience explains why – and empowers us to fight back
Neuroscience,Neuroscience - 30.txt,The most vivid part of the mind bubbles up through sensation and new experience when unencumbered by analytical thought
Neuroscience,Neuroscience - 31.txt,"Imagine purging life’s disturbing events. If you could alter or mute your worst memories, would you still remain yourself?"
Neuroscience,Neuroscience - 32.txt,"Your brain does not process information, retrieve knowledge or store memories. In short: your brain is not a computer"
Neuroscience,Neuroscience - 33.txt,Untold thousands of patients misdiagnosed as vegetative are actually aware. Theirs is the civil rights fight of our times
Neuroscience,Neuroscience - 34.txt,"How exactly did consciousness become a problem? And why, after years off the table, is it a hot research subject now?"
Neuroscience,Neuroscience - 35.txt,"New brain implants can restore autonomy to damaged minds, but can they settle the question of whether free will exists?"
Neuroscience,Neuroscience - 36.txt,"When the storyline of one’s life hits a dead end, a redemption narrative offers an alluring, if dubious, transformation"
Neuroscience,Neuroscience - 37.txt,Religion spawns both benevolent saints and murderous fanatics. Could dopamine levels in the brain drive that switch?
Neuroscience,Neuroscience - 38.txt,Some people have neurological quirks that give them extraordinary perceptual powers. What can we learn from them?
Neuroscience,Neuroscience - 39.txt,"Neuroscience is changing the meaning of criminal guilt. That might make us more, not less, responsible for our actions"
Neuroscience,Neuroscience - 4.txt,"Each human brain possesses a unique, intricate pattern of 86 billion neurons. If science can map it, immortality beckons"
Neuroscience,Neuroscience - 5.txt,"Saturated with rites and symbols, psychology feeds a deep human need once nourished by mythology"
Neuroscience,Neuroscience - 6.txt,"The neuroscience of peripersonal space explores how you create, defend or relax the buffer zone between you and the world"
Neuroscience,Neuroscience - 7.txt,The language of touch binds our minds and bodies to the broader social world. What happens when touch becomes taboo?
Neuroscience,Neuroscience - 8.txt,Neuroscience is finding what propaganda has long known: nostalgia doesn’t need real memories – an imagined past works too
Neuroscience,Neuroscience - 9.txt,Can electrical impulses in the brain explain the stuff that dreams are made on? What a new consciousness-detector reveals
Oceans and water,Oceans and water - 1.txt,"With care for the social and ecological consequences, foods from the ocean should provide sustainable protein to billions"
Oceans and water,Oceans and water - 2.txt,A warming planet and acid oceans will radically transform marine ecosystems. How will our beloved reefs survive?
Oceans and water,Oceans and water - 3.txt,"Instead of letting waves of exploitation sweep through the deep ocean, we could choose to protect this vast living realm"
Oceans and water,Oceans and water - 4.txt,"Captive orcas are tormented by boredom and family separation, but they cannot be simply released. What’s the solution?"
Oceans and water,Oceans and water - 5.txt,"He was a patriot and a prisoner, a delegate and a drunk; circling the globe when few Englishmen ever left their home counties"
Oceans and water,Oceans and water - 6.txt,"Earth’s oceans are beginning to warm and turn acidic, endangering plankton and the entire marine food chain"
Oceans and water,Oceans and water - 7.txt,The Thames has seen the riches of empire flow for centuries. But now the river is threatened by a super-port development
Palaeontology,Palaeontology - 1.txt,When we think of changes in Earth’s history as changes of dynasty we miss out on understanding how life really works
Palaeontology,Palaeontology - 2.txt,"As Brontosaurus tells us, in science as in fiction, the stories we tell to understand the world are always being revised"
Palaeontology,Palaeontology - 3.txt,"There’s no rhythm to mass extinctions, no pattern to evolutionary recovery. Life bursts forth, in cacophonous adaptation"
Palaeontology,Palaeontology - 4.txt,Did Neanderthals speak? Did dinosaurs roar? And when did birds begin to sing? The soundscape of deep time is coming back
Palaeontology,Palaeontology - 5.txt,Paleogenetics is helping to solve the great mystery of prehistory: how did humans spread out over the earth?
Personality,Personality - 1.txt,"What do the lives of twins tell us about heritability, selfhood and the age-old debate between nature and nurture?"
Personality,Personality - 2.txt,"Confident or shy, our temperament is mostly baked-in from birth. But how that influences our lives is up for grabs"
Personality,Personality - 3.txt,Psychopaths have a reputation for cunning and ruthlessness. But they are more like you and me than we care to admit
Personality,Personality - 4.txt,"Psychoanalysis explains how authoritarians energise hatred, self-pity and delusion while promising heaven on Earth"
Personality,Personality - 5.txt,Can novelists or psychologists better capture the strange multitude of realities in every human self?
Personality,Personality - 6.txt,A judgment of competence is made in a tenth of a second on the basis of facial features. Thus political decisions are made
Personality,Personality - 7.txt,"The martyr is not an alienated and depressed loner but an individual driven by idealism, altruism and the need to belong"
Personality,Personality - 8.txt,"You’re at the casino and you win big – a lucky fluke, divine intervention or inner smarts? The answer’s against the odds"
Personality,Personality - 9.txt,The latest edition of the psychiatrists’ manual has decided that my personality disorder is not so bad after all
Philosophy of language,Philosophy of language - 1.txt,How Borges and Heisenberg converged on the notion that language both enables and interferes with our grasp of reality
Philosophy of language,Philosophy of language - 2.txt,"Here’s the paradox of articulation: are you excavating existing ideas, or do your thoughts come into being as you speak?"
Philosophy of language,Philosophy of language - 3.txt,It’s one thing to say something. It’s quite another for a person to do (or not do) something because of what you’ve said
Philosophy of language,Philosophy of language - 4.txt,"A novel, by definition, tells a fictional story – but does that make its author a liar? On the space between stories and lies"
Philosophy of language,Philosophy of language - 5.txt,"Words stand for things in the world, and they stand apart from it. Perhaps meaning is more sunken into words than we realise?"
Philosophy of language,Philosophy of language - 6.txt,"The language of sexual negotiation must go far beyond ‘consent’ and ‘refusal’ if we are to foster ethical, autonomous sex"
Philosophy of language,Philosophy of language - 7.txt,"Endangered languages have sentimental value, it’s true, but are there good philosophical reasons to preserve them?"
Philosophy of language,Philosophy of language - 8.txt,I took on Noam Chomsky’s ideas about language and unleashed a decade of debate and ridicule. But is my argument wrong?
Philosophy of mind,Philosophy of mind - 1.txt,New research is uncovering the hidden differences in how people experience the world. The consequences are unsettling
Philosophy of mind,Philosophy of mind - 10.txt,Mindfulness promotes itself as value-neutral but it is loaded with (troubling) assumptions about the self and the cosmos
Philosophy of mind,Philosophy of mind - 11.txt,"Don’t just do it, think about it too: how Gilbert Ryle’s philosophy of mind can help athletes teach themselves to improve"
Philosophy of mind,Philosophy of mind - 12.txt,We’re certainly on to something when we say the brain is a computer – even if we don’t yet know what exactly we’re on to
Philosophy of mind,Philosophy of mind - 13.txt,How can I logically manage to deceive myself? Buddhist thought offers a way out of the philosophical paradox
Philosophy of mind,Philosophy of mind - 14.txt,"Given how little control we have of our wandering minds, how can we cultivate real mental autonomy?"
Philosophy of mind,Philosophy of mind - 15.txt,Music reminds us that the mind is more than a calculator. We are resonant bodies as much as representing machines
Philosophy of mind,Philosophy of mind - 16.txt,Being the same person over time is not about holding on to every aspect of your current self but about changing purposefully
Philosophy of mind,Philosophy of mind - 17.txt,"You are only as strong as your powers of attention, and other uncomfortable truths about the self"
Philosophy of mind,Philosophy of mind - 18.txt,Jewish émigrés from the former Soviet Union tell inconsistent stories. What does this say about the nature of memory?
Philosophy of mind,Philosophy of mind - 19.txt,Our machines could become self-aware without our knowing it. We need a better way to define and test for consciousness
Philosophy of mind,Philosophy of mind - 2.txt,Consciousness science should move past a focus on complex mammalian brains to study the behaviour of ‘simpler’ animals
Philosophy of mind,Philosophy of mind - 20.txt,Some find it comforting to think of life as a story. Others find that absurd. So are you a Narrative or a non-Narrative?
Philosophy of mind,Philosophy of mind - 21.txt,Evangelical Christians in California tried to ban yoga in schools. So where is the line between the body and the soul?
Philosophy of mind,Philosophy of mind - 3.txt,Clear and direct telepathic communication is unlikely to be developed. But brain-to-brain links still hold great promise
Philosophy of mind,Philosophy of mind - 4.txt,Education has long been ignored by contemporary philosophers. That is a myopic view that must change
Philosophy of mind,Philosophy of mind - 5.txt,"The infamous thought experiment, flawed as it is, does demonstrate one thing: physics alone can’t explain consciousness"
Philosophy of mind,Philosophy of mind - 6.txt,"The terms ‘mind’ and ‘mental’ are messy, harmful and distracting. We should get rid of them"
Philosophy of mind,Philosophy of mind - 7.txt,"You cannot be reduced to a body, a mind or a particular social role. An emerging theory of selfhood gets this complexity"
Philosophy of mind,Philosophy of mind - 8.txt,"The injunction to immerse yourself in the present might be psychologically potent, but is it metaphysically meaningful?"
Philosophy of mind,Philosophy of mind - 9.txt,"In fiction, it grips us. In life, it can unravel us. How can brains hooked on certainty put its opposite to good use?"
Philosophy of religion,Philosophy of religion - 1.txt,"His name is now the byword for a fool, yet his proof for the existence of God was the most rigorous of the medieval period"
Philosophy of religion,Philosophy of religion - 10.txt,Punitive Big Brother; cosmic petty-thief-catcher; vigilant landlord. Why is God so interested in bad behaviour?
Philosophy of religion,Philosophy of religion - 11.txt,"Seduced by science and rationalism, yet tied to their families and communities, Hasidic atheists opt for a double life"
Philosophy of religion,Philosophy of religion - 12.txt,"The Communion wafer is food and symbol, relic and rite. In an age plagued by fears of disease, can it still help us connect?"
Philosophy of religion,Philosophy of religion - 13.txt,"In the 1940s, Japan’s search for a national philosophy became a battle for existence. Did Zen ideas create the kamikaze?"
Philosophy of religion,Philosophy of religion - 14.txt,Younger Christians may be ditching doctrines of fire and brimstone – but will Christianity ever get rid of hell entirely?
Philosophy of religion,Philosophy of religion - 15.txt,"Christian meditation may sound like an uneasy hybrid, but that awkwardness is hiding something important"
Philosophy of religion,Philosophy of religion - 16.txt,Free will and fate are both illusions. The trick is learning to sail with the prevailing winds of life
Philosophy of religion,Philosophy of religion - 17.txt,"Now that Christianity is the dominant religion on the planet, it is unbelievers who have most in common with Christ"
Philosophy of religion,Philosophy of religion - 2.txt,"After an abuse scandal destroyed my Buddhist community, I had to reconsider what it means to live an ethically attuned life"
Philosophy of religion,Philosophy of religion - 3.txt,Now is the time to revitalise our relationship with nature and immerse ourselves in the little wonders of the universe
Philosophy of religion,Philosophy of religion - 4.txt,"The history of natural theology shows that Intelligent Design and New Atheism both got it wrong, in strangely similar ways"
Philosophy of religion,Philosophy of religion - 5.txt,The modern world is disenchanted. God remains dead. But our need for transcendence lives on. How should we fulfil it?
Philosophy of religion,Philosophy of religion - 6.txt,Modern mindfulness strips Buddhism of its spiritual core. We need an ethics of reincarnation for an interconnected world
Philosophy of religion,Philosophy of religion - 7.txt,Aldous Huxley argued that all religions in the world were underpinned by universal beliefs and experiences. Was he right?
Philosophy of religion,Philosophy of religion - 8.txt,Liberating oneself from rebirths might seem irrelevant to the non-believer. But nirvana is also a profound psychological goal
Philosophy of religion,Philosophy of religion - 9.txt,Prayer occurs in many faiths. It stays recognisable despite its varied forms. It must be good for something – but what?
Philosophy of science,Philosophy of science - 1.txt,"Science is not the only form of knowledge but it is the best, being the most successful epistemic enterprise in history"
Philosophy of science,Philosophy of science - 10.txt,Theoretical physicists who say the multiverse exists set a dangerous precedent: science based on zero empirical evidence
Philosophy of science,Philosophy of science - 11.txt,Truth is neither absolute nor timeless. But the pursuit of truth remains at the heart of the scientific endeavour
Philosophy of science,Philosophy of science - 12.txt,It’s tempting to think science gives a God’s-eye view of reality. But we forget the place of human experience at our peril
Philosophy of science,Philosophy of science - 13.txt,"Is it possible that, in the new millennium, the mathematical method is no longer fundamental to philosophy?"
Philosophy of science,Philosophy of science - 14.txt,"Cosmopsychism might seem crazy, but it provides a robust explanatory model for how the Universe became fine-tuned for life"
Philosophy of science,Philosophy of science - 15.txt,"The swarming, ever-changing character of the living world challenges our deepest assumptions about the nature of reality"
Philosophy of science,Philosophy of science - 16.txt,"Working out where one hare ends and another begins is easy; a siphonophore, not so much. What is an individual in nature?"
Philosophy of science,Philosophy of science - 17.txt,Great theories can spend decades waiting for verification. Failed theories do too. Is there any way to tell them apart?
Philosophy of science,Philosophy of science - 18.txt,"Is cold fusion truly impossible, or is it just that no respectable scientist can risk their reputation working on it?"
Philosophy of science,Philosophy of science - 19.txt,Nobody knows what happens inside quantum experiments. So why are some so keen to believe in parallel universes?
Philosophy of science,Philosophy of science - 2.txt,"Laws of nature are impossible to break, and nearly as difficult to define. Just what kind of necessity do they possess?"
Philosophy of science,Philosophy of science - 20.txt,"When the deepest theory we have seems to undermine science itself, some kind of collapse looks inevitable"
Philosophy of science,Philosophy of science - 21.txt,"I am a geneticist, my sister works a dairy farm. Our lives are so different we might as well be living in parallel worlds"
Philosophy of science,Philosophy of science - 22.txt,"Nine theories of the multiverse promise everything and more. But if reality is so vast and varied, where do we fit in?"
Philosophy of science,Philosophy of science - 23.txt,For decades the sciences and the humanities have fought for knowledge supremacy. Both sides are wrong-headed
Philosophy of science,Philosophy of science - 3.txt,Science has become extraordinarily technocratic and complex. Is the simple and decisive experiment still a worthy ideal?
Philosophy of science,Philosophy of science - 4.txt,"Is hard data the only path to scientific truth? That’s an absurd, illogical and profoundly useful fiction"
Philosophy of science,Philosophy of science - 5.txt,"Biology’s next great horizon is to understand cells, tissues and organisms as agents with agendas (even if unthinking ones)"
Philosophy of science,Philosophy of science - 6.txt,In awe we hold fast to nature’s strangeness and open up to the unknown. No wonder it’s central to the scientific imagination
Philosophy of science,Philosophy of science - 7.txt,Science is the one culture that all humans share. What would it mean to create a scientifically literate future together?
Philosophy of science,Philosophy of science - 8.txt,"For the émigré philosopher Imre Lakatos, science degenerates unless it is theoretically and experimentally progressive"
Philosophy of science,Philosophy of science - 9.txt,"To answer whether the fundamental building blocks of reality are particles, fields or both means thinking beyond physics"
Physics,Physics - 1.txt,"Not a backdrop, an illusion or an emergent phenomenon, time has a physical size that can be measured in laboratories"
Physics,Physics - 10.txt,The question of whether time moves in a loop or a line has occupied human minds for millennia. Has physics found the answer?
Physics,Physics - 11.txt,"How a sunbeam split in two became physics’ most elegant experiment, shedding light on the underlying nature of reality"
Physics,Physics - 12.txt,Does everything in the world boil down to basic units – or can emergence explain how distinctive new things arise?
Physics,Physics - 13.txt,"After the success of the Standard Model, experiments have stopped answering to grand theories. Is particle physics in crisis?"
Physics,Physics - 14.txt,Relativity says we live in four dimensions. String theory says it’s 10. What are ‘dimensions’ and how do they affect reality?
Physics,Physics - 15.txt,The cliché that life transcends the laws of thermodynamics is completely wrong. The truth is almost exactly the opposite
Physics,Physics - 16.txt,"How the neutrino went from ghost particle to vital physics tool  –  a tale of bombs, espionage and subtle flavours"
Physics,Physics - 17.txt,"The closer you look, the more the materialist position in physics appears to rest on shaky metaphysical ground"
Physics,Physics - 18.txt,That the world is not solid but made up of tiny particles is a very ancient insight. Is it humanity’s greatest idea?
Physics,Physics - 19.txt,Reconciling Einstein with quantum mechanics may require abandoning the notion that cause always precedes effect
Physics,Physics - 2.txt,Does the existence of a multiverse hold the key for why nature’s laws seem so simple?
Physics,Physics - 20.txt,String wars among physicists have highlighted just how much science needs philosophy – and not just the amateur version
Physics,Physics - 21.txt,"From past to present, into the future: the flow of time is central to human experience. Why isn’t it central to physics?"
Physics,Physics - 22.txt,"If human history turns on the tilt of the multiverse, can we still trust our ideas of achievement, progress and morality?"
Physics,Physics - 23.txt,"Laser beams can tie themselves in knots, just like electrical cords. But what does this tendency to tangle illuminate?"
Physics,Physics - 3.txt,Physics displays an uncanny alignment at its very deepest levels. Is a grand theory of everything finally within reach?
Physics,Physics - 4.txt,Physics as we know it is elegant and exquisitely accurate. It tells almost nothing about the deepest riddles of the Universe
Physics,Physics - 5.txt,"A crude understanding of physics sees determinism at work in the Universe. Luckily, molecular uncertainty ensures this isn’t so"
Physics,Physics - 6.txt,"In our Universe, time seems to go from past to future, not in reverse. But what if time doesn’t even have a direction?"
Physics,Physics - 7.txt,The human eye is a surprisingly good photon detector. What can it spy of the line between the quantum and classical worlds?
Physics,Physics - 8.txt,"Science today is an intricate, collaborative, global enterprise. Nobel prizes for individual scientists are an anachronism"
Physics,Physics - 9.txt,"Humans love laws and seek predictability. But like our Universe, which thrives on entropy, we need disorder to flourish"
Pleasure and pain,Pleasure and pain - 1.txt,"The COVID-19 pandemic, like other catastrophes before it, got some of us hooked on phobic energy and terror. Why?"
Pleasure and pain,Pleasure and pain - 2.txt,Women’s pain is often medically overlooked and undertreated. But the answer is not as simple as ‘believing all women’
Pleasure and pain,Pleasure and pain - 3.txt,"That drink, that cigarette, that dance: wanting things is highly contagious. Can you be immunised against the infection?"
Pleasure and pain,Pleasure and pain - 4.txt,"Philosophers have traditionally been highly suspicious of fleeting pleasures, but to enjoy the moment is a radical act"
Pleasure and pain,Pleasure and pain - 5.txt,"What if we could expand ecstasy, reduce stress and lift depression, all by delaying and extending orgasm?"
Pleasure and pain,Pleasure and pain - 6.txt,"The relentless pursuit of success is valorised in our culture, but taking the long way around is often the best"
Pleasure and pain,Pleasure and pain - 7.txt,"Nobody wants to go back in time, but did we lose our sense of sympathy when we lost the shared experience of pain?"
Political philosophy,Political philosophy - 1.txt,How Eugene V Debs turned American republicanism against the chiefs of capitalism – and became a true crusader for freedom
Political philosophy,Political philosophy - 10.txt,"Security is one thing to a Black mother in a favela, another to a politician keen on law and order. They should be the same"
Political philosophy,Political philosophy - 11.txt,Demagogues do not rise on popular feeling alone but on the constitutional ideas of Weimar and Nazi legal theorist Carl Schmitt
Political philosophy,Political philosophy - 12.txt,Judith Shklar fled Nazis and Stalinism before discovering in African-American history the dilemma of modern liberalism
Political philosophy,Political philosophy - 13.txt,Should philosophy express the national character of a people? Bertrand Russell’s ‘scientific’ philosophy was a bulwark against nationalism
Political philosophy,Political philosophy - 14.txt,There are two ways of seeing order in the world: as a spontaneous system or as an intentional project. Which way lies freedom?
Political philosophy,Political philosophy - 15.txt,"More than false choices and options, the highest freedom lies in being true to oneself and defying the expectations of others"
Political philosophy,Political philosophy - 16.txt,"When he shifted his attention from philosophy to politics, Richard Rorty revived liberalism’s potential for social reform"
Political philosophy,Political philosophy - 17.txt,How the Marxist ideas of a British historian ended up on the bookshelves of Indian civil servants and Brazilian housewives
Political philosophy,Political philosophy - 18.txt,The ideal of religious tolerance has crippling flaws. It’s time to embrace a civic philosophy of reciprocity
Political philosophy,Political philosophy - 19.txt,Marriage is what happens when the state gets involved in endorsing and regulating personal relationships. It’s a bad idea
Political philosophy,Political philosophy - 2.txt,The work of John Rawls shows that liberal values of equality and freedom are fundamentally incompatible with capitalism
Political philosophy,Political philosophy - 20.txt,In the postwar period it was understood to be the fundamental malaise of modern life. Why aren’t we ‘alienated’ any more?
Political philosophy,Political philosophy - 21.txt,"He might be the poster boy for free-market economics, but that distorts what Adam Smith really thought"
Political philosophy,Political philosophy - 22.txt,"The assumption that you own the contents of your pay-packet, although almost universal, is demonstrably confused"
Political philosophy,Political philosophy - 23.txt,"The Frankfurt School argued that reason is dangerous, mass culture deadening, and the Enlightenment a disaster. Were they right?"
Political philosophy,Political philosophy - 24.txt,"Love is not just a feeling given or received, it is an action too. It could be a radical force in politics"
Political philosophy,Political philosophy - 25.txt,"Since Francis Fukuyama proclaimed ‘The End of History’ 25 years ago, he has been much maligned. His work now seems prophetic"
Political philosophy,Political philosophy - 26.txt,"Original, painstaking, sometimes frustrating and often dazzling. Foucault’s work on power matters now more than ever"
Political philosophy,Political philosophy - 27.txt,"Edmund Burke’s support for the American Revolution, and opposition to the French, have been misunderstood"
Political philosophy,Political philosophy - 28.txt,Right and Left are fading away. The real question in politics will be: do you look to the earth or aspire to the skies?
Political philosophy,Political philosophy - 29.txt,"In the future, most people will live in a total surveillance state – and some of us might even like it"
Political philosophy,Political philosophy - 3.txt,All countries must balance the freedom of individuals with the demands of the community. Sweden’s solution is unique
Political philosophy,Political philosophy - 30.txt,"Socialism is dead, and the transhuman future looms. Is there any way to recover a sense of global purpose?"
Political philosophy,Political philosophy - 4.txt,Democracy is a system of politics that has disagreement at its heart. But how do we stop conflicts becoming destructive?
Political philosophy,Political philosophy - 5.txt,"While the West belonged to a European geography, its name meant something. Now it is a vague invocation, laden with fear"
Political philosophy,Political philosophy - 6.txt,Reason and facts cannot be the basis of political debates and civic life. Love and laughter are the heart of the matter
Political philosophy,Political philosophy - 7.txt,It’s become a commonplace that demographic anxiety is driving white voters to the far Right. This is dangerously wrong
Political philosophy,Political philosophy - 8.txt,"For Leo Strauss, public life was muddied by opinion and persecution, so philosophers should shield their work from view"
Political philosophy,Political philosophy - 9.txt,"Human rights, health, the rule of law – why are these concepts inflated to the status of totalising, secular religions?"
Politics and government,Politics and government - 1.txt,Radicals in the Age of Revolution saw the classical world as a common inheritance that could aid their fight for liberty
Politics and government,Politics and government - 10.txt,More than a century of death notices have not diminished the achievements and the necessity of liberalism
Politics and government,Politics and government - 11.txt,Is politics driven by pragmatic self-interest or by identities and ideals? The self-harming voter offers a clue
Politics and government,Politics and government - 12.txt,"Imperial Chinese conscription shows how ordinary people exercise influential political skills, even in a repressive state"
Politics and government,Politics and government - 13.txt,Millions of Russians and eastern Europeans now believe that they were better off under communism. What does this signify?
Politics and government,Politics and government - 14.txt,"Western liberalism is not the apex and terminus of human history, and it ought not to serve as the measure of Islam"
Politics and government,Politics and government - 15.txt,Digital technologies are a market product and play politics by different means. It’s up to us to harness them for democracy
Politics and government,Politics and government - 16.txt,How a generation of political thinkers has underestimated the abilities of ordinary people and undermined democracy
Politics and government,Politics and government - 17.txt,"The postmodern carnival has arrived, and there are good reasons to prefer François Rabelais’s version"
Politics and government,Politics and government - 18.txt,"Throughout history, plagues and wars have left greater equality in their wake. Can we get there again without violence?"
Politics and government,Politics and government - 19.txt,"Embrace dreams as a counter to the naive realism of politics today, and they could become a potent democratic force"
Politics and government,Politics and government - 2.txt,"When everyday life is marked by oppression and violence, can a martyr’s death truly be an act of freedom and resistance?"
Politics and government,Politics and government - 20.txt,"Autocrats shouted, cursed, and bullied, while American revolutionaries used politeness as a tool of radical politics"
Politics and government,Politics and government - 21.txt,"In politics, as in militant religion, the performance of sincerity is everything, no matter whether right or wrong"
Politics and government,Politics and government - 22.txt,National apologies are a big deal: they acknowledge the past to help move everyone forward. No wonder they’re so hard
Politics and government,Politics and government - 23.txt,"The glamour, bullying and violence of the libertarian alt-Right has a direct political ancestor, and it’s not Nazi Germany"
Politics and government,Politics and government - 24.txt,Little England may have undone Great Britain. Will a nation of dark fascism or one of green and pleasant lands emerge?
Politics and government,Politics and government - 25.txt,"On the Left, ‘neoliberal’ is an epithet but, not long ago, everyone wanted to be liberal. Will anyone claim liberalism?"
Politics and government,Politics and government - 26.txt,"To understand Crimea, we need an evolutionary theory of national honour. It’s irrational and deadly – but it works"
Politics and government,Politics and government - 27.txt,Colombia’s FARC guerrillas still resist the coming peace. Is it drug money or the romance of revolution that’s to blame?
Politics and government,Politics and government - 3.txt,Authoritarian leaders who play the religious card are not mere hypocrites. There’s something far more troubling going on
Politics and government,Politics and government - 4.txt,"Buka Town in Bougainville shows how bureaucratic states could be reimagined, not as concrete buildings but as living gardens"
Politics and government,Politics and government - 5.txt,The official definition of corruption – the abuse of public office for private gain – does little to capture the reality
Politics and government,Politics and government - 6.txt,The end of the liberal order would unleash chaos; its continuance means unconstrained economic suffering. What to do?
Politics and government,Politics and government - 7.txt,Fascism promised radical national renewal and supreme power to the people. Are we in danger of a fascist revival today?
Politics and government,Politics and government - 8.txt,"What people most fear is not difference, but a world in which nothing and nowhere is unique, in which everyplace is the same"
Politics and government,Politics and government - 9.txt,Individualism is not a sufficient foundation for social life: the image of the body politic reminds us that we are all one
Poverty and development,Poverty and development - 1.txt,"Last year, 200 million children did not get enough to eat, yet it would be cheap and easy for the world to feed them all"
Poverty and development,Poverty and development - 2.txt,Philanthropy is vital – but its mechanisms are as intricate and troubling as the baroque structures of high finance
Poverty and development,Poverty and development - 3.txt,"Few things tell us more about the nature of state sovereignty, and the threats to it, than the politics of disaster relief"
Poverty and development,Poverty and development - 4.txt,It’s difficult to test whether poverty relief actually works. Do randomised controlled trials provide a scientific measure?
Poverty and development,Poverty and development - 5.txt,"International development has focused on material goods, but religion has an important role to play in human flourishing"
Poverty and development,Poverty and development - 6.txt,"Thirty years after the nuclear disaster, local berry-pickers earn a good living. What’s the hidden cost of their wares?"
Poverty and development,Poverty and development - 7.txt,"The age of austerity has transformed work, but what it means to be a man has not caught up"
Poverty and development,Poverty and development - 8.txt,I went to Kenya to report on the lives of women living in poverty and I was given back the running I thought I’d lost
Poverty and development,Poverty and development - 9.txt,East Africa is the world’s latest hotspot for oil and gas exploration. Will this be a boon or a curse in arid Turkana?
Progress and modernity,Progress and modernity - 1.txt,The world feels caught between infinite possibility and limited resources. Thomas More and T R Malthus can help
Progress and modernity,Progress and modernity - 2.txt,"From transgender celebrities to fitness fads, pop culture loves reinvention. But the drive to ‘find yourself’ has a dark side"
Progress and modernity,Progress and modernity - 3.txt,"Has money really changed from shells to digital apps? Underneath, money is always a token of our social relations"
Progress and modernity,Progress and modernity - 4.txt,"Besieged by a majority Turkish culture, Istanbul’s Ecumenical Patriarch Barthomelew I attempts a cosmopolitan revival"
Psychiatry and psychotherapy,Psychiatry and psychotherapy - 1.txt,I was the victim of a carjacking. The trauma from that experience was unendurable. Then I discovered eye movement therapy
Psychiatry and psychotherapy,Psychiatry and psychotherapy - 10.txt,"In a clinical setting, playful activities are not distractions; they take patients deep into trauma – and out the other side"
Psychiatry and psychotherapy,Psychiatry and psychotherapy - 11.txt,A new therapy helps survivors improve their lives by facing the psychological impoverishment that often accompanies abuse
Psychiatry and psychotherapy,Psychiatry and psychotherapy - 12.txt,"By chance, I grew up without a father. As an adult, I chose to meet him. Through the prism of this event, life slowly made sense"
Psychiatry and psychotherapy,Psychiatry and psychotherapy - 13.txt,Quick-fix psychotherapies have been hailed as the gold standard. But depth therapies can be far more enduring and profound
Psychiatry and psychotherapy,Psychiatry and psychotherapy - 14.txt,"Why therapy works is still up for debate. But, when it does, its methods mimic the attachment dynamics of good parenting"
Psychiatry and psychotherapy,Psychiatry and psychotherapy - 15.txt,Existential therapy explores the darkest corners and craggy edges of the many-sided self. The result is true transformation
Psychiatry and psychotherapy,Psychiatry and psychotherapy - 16.txt,Acceptance and commitment therapy teaches us how to live a values-driven life even in the face of dark emotions and trauma
Psychiatry and psychotherapy,Psychiatry and psychotherapy - 17.txt,"After decades of practising as a psychotherapist, I am convinced that our treatment of psychosis is thoroughly wrong-headed"
Psychiatry and psychotherapy,Psychiatry and psychotherapy - 18.txt,"Jakucho Setouchi is a revered nun and famous novelist, yet few know how psychoanalysis shaped her spiritual life"
Psychiatry and psychotherapy,Psychiatry and psychotherapy - 2.txt,"In the 1960s, psychedelic research was driven underground. Now it’s re-emerging – with lessons for the study of psychosis"
Psychiatry and psychotherapy,Psychiatry and psychotherapy - 3.txt,"Group therapy promised to be both democratic and radical, but it failed to take hold. Has its time finally come?"
Psychiatry and psychotherapy,Psychiatry and psychotherapy - 4.txt,This radical movement makes space for people with mental health and other challenges to study (and celebrate) themselves
Psychiatry and psychotherapy,Psychiatry and psychotherapy - 5.txt,"In order to understand and heal mental distress, we must see our minds as existing in relationships, not inside our heads"
Psychiatry and psychotherapy,Psychiatry and psychotherapy - 6.txt,"Some psychotherapeutic approaches are not only ineffective, they’re actively harmful. We’re now starting to identify them"
Psychiatry and psychotherapy,Psychiatry and psychotherapy - 7.txt,"As a society we are failing people with severe, persistent mental illness. It’s time to reimagine institutional care"
Psychiatry and psychotherapy,Psychiatry and psychotherapy - 8.txt,"It is a powerful, liberating therapy that lets you (literally) shift perspective on who you are, and who you could become"
Psychiatry and psychotherapy,Psychiatry and psychotherapy - 9.txt,"A radical therapy based on eye movements can desensitise painful memories, heal hurts and aid transformation at warp speed"
Public health,Public health - 1.txt,A bioethicist at the heart of the Italian coronavirus crisis asks: why won’t we talk about the tradeoffs of the lockdown?
Public health,Public health - 10.txt,"Badgers may be collateral victims in the battle to rid British cows of tuberculosis, but so are the farmers themselves"
Public health,Public health - 2.txt,Parents who reject vaccination are making a rational choice – they prefer to put their children above the public good
Public health,Public health - 3.txt,"A critical mass of medical knowledge could soon end the death threat of cancer, but politics stands in the way"
Public health,Public health - 4.txt,Misunderstanding risk factors has led to massive overtreatment of diseases people don’t have and probably never will
Public health,Public health - 5.txt,"The great allies of infectious diseases are no longer poverty, nor dirt, but the global anti-vaccination movement"
Public health,Public health - 6.txt,"A diagnosis of mental illness is more common than ever – did psychiatrists create the problem, or just recognise it?"
Public health,Public health - 7.txt,"Disabled people in modern China are still stigmatised, marginalised and abused. What hope is there for reform?"
Public health,Public health - 8.txt,"Bullying doctors are not just unpleasant, they are dangerous. Can we change the culture of intimidation in our hospitals?"
Public health,Public health - 9.txt,"For centuries, a little Belgian town has treated the mentally ill. Why are its medieval methods so successful?"
Quantum theory,Quantum theory - 1.txt,The concept of the atomic void is one of the most repeated mistakes in popular science. Molecules are packed with stuff
Quantum theory,Quantum theory - 2.txt,"Why does the quantum world behave in that strange, spooky way? Here’s our simple, four-step explanation (no magic needed)"
Quantum theory,Quantum theory - 3.txt,"Long a matter of philosophical speculation, the idea of multiple realities has been given new artistic licence by physics"
Quantum theory,Quantum theory - 4.txt,The ancient philosophy of monism and the physics of quantum entanglement agree: all that exists is one unified whole
Quantum theory,Quantum theory - 5.txt,"Metaphysical debates in quantum physics don’t get at ‘truth’ – they’re nothing but a form of ritual, activity and culture"
Quantum theory,Quantum theory - 6.txt,Physics has long looked to harmony to explain the beauty of the Universe. But what if dissonance yields better insights?
Quantum theory,Quantum theory - 7.txt,Hugh Everett blew up quantum mechanics with his Many-Worlds theory in the 1950s. Physics is only just catching up
Quantum theory,Quantum theory - 8.txt,"Despite its confounding reputation, quantum mechanics both guides and helps explain human intuition"
Quantum theory,Quantum theory - 9.txt,Might nature’s bottomless pits actually be ultra-efficient quantum computers? That could explain why data never dies
Religion,Religion - 1.txt,"Once a centre of Afghan culture, Sufism seems to have disappeared in the maelstrom of war and upheaval. But still it survives"
Religion,Religion - 10.txt,"Buddhist monks have mostly escaped the label of proselytisers, but they’ll still spread the word to those who seek them out"
Religion,Religion - 11.txt,"Think less of a holding pen for Heaven and more as a flow of love from the living, and the weirdness starts making sense"
Religion,Religion - 12.txt,"When we strip away the myths, such as his princely youth in a palace, a surprising picture of this enigmatic sage emerges"
Religion,Religion - 13.txt,"The science-versus-religion opposition is a barrier to thought. Each one is a gift, rather than a threat, to the other"
Religion,Religion - 14.txt,"Far from representing rationality and logic, capitalism is modernity’s most beguiling and dangerous form of enchantment"
Religion,Religion - 15.txt,"Master Nissho Inoue and his band of assassins teach some uncomfortable truths about terrorism, for those who will hear"
Religion,Religion - 16.txt,Out of the many gods of ancient Egypt an inspired Pharaoh created a monotheistic faith. What was Atenism and why did it fail?
Religion,Religion - 17.txt,"Shinto is uniquely Japanese, yet embodies a once-universal animistic religion of wind and fire, gods and animal spirits"
Religion,Religion - 18.txt,"It’s one of the most successful, and in some ways unlikely, interfaith movements in the modern world"
Religion,Religion - 19.txt,"Behind the beatific image of Tibetan Buddhism lies a dark, complicated reality. But is it one the Western gaze wants to see?"
Religion,Religion - 2.txt,Postcolonial intellectuals and Iran’s rulers agree that secularism is just Western imperialism in disguise. They are wrong
Religion,Religion - 20.txt,"Atheist museums, Satanic temples and Thomas Paine statues: how secularists push back against religion in the public sphere"
Religion,Religion - 21.txt,Westerners think that Buddhism is about peace and non-violence. So how come Buddhist monks are in arms against Islam?
Religion,Religion - 22.txt,How an obscure oriental cult in a corner of Roman Palestine grew to become the dominant religion of the Western world
Religion,Religion - 23.txt,Most Japanese reject religious belief while embracing multiple forms of ritual practice. Are they religious or secular?
Religion,Religion - 24.txt,Even the pilgrimage to Mecca exposes the myth of a united Islam and the formative power of the wider world
Religion,Religion - 25.txt,"Protective, omnipotent, scary and very territorial. The monotheistic God is modelled on a harem-keeping alpha male"
Religion,Religion - 26.txt,Christian Domestic Discipline and the erotics of religious submission raise the possibility of a new concept of God
Religion,Religion - 27.txt,"With its subversive poetry, rejection of politics, and ecstatic rituals, Sufi Islam continues to surprise and to thrive"
Religion,Religion - 28.txt,"The ancient God of Judaism and Islam was no distant immortal, but a god of domestic life, infertility and fratricide"
Religion,Religion - 29.txt,"I have turned away from the church but, up on Mount Athos, I turned on to the mysteries of Orthodox meditation"
Religion,Religion - 3.txt,"The Sunni movement of Salafism was born at the beginning of the 20th century, with the goal of modelling life on the 7th"
Religion,Religion - 30.txt,"It must have been one of the last Passovers to be celebrated by the Jews of Damascus, before the last families left"
Religion,Religion - 31.txt,"Leaving Europe as a young woman, Martine Batchelor was transformed by an encounter with Buddhist meditation"
Religion,Religion - 4.txt,It took a tremendous effort to distinguish early Christianity from the finely tuned world of pagan beliefs and rituals
Religion,Religion - 5.txt,Stalin presented Orthodox leaders with a proposal: the Soviet state that had destroyed their Church would bring it back
Religion,Religion - 6.txt,The mystery of why Judas forsook Jesus goes to the heart of Christianity. A newly translated gospel offers a new view
Religion,Religion - 7.txt,The story of a working-class radical from Ireland who became a celebrated monk and challenged the British Empire in Asia
Religion,Religion - 8.txt,"In Indonesia, the world’s largest Muslim nation, Parwati Soepangat pioneered a Buddhist feminist theology with deep roots"
Religion,Religion - 9.txt,"In the 17th century, Dutch proselytisers set out for Asia, Africa and the Americas. The legacy of their travels endures"
Rituals and celebrations,Rituals and celebrations - 1.txt,"From Kentucky to Wales and all across the Atlantic, the enslaved and downtrodden got married – by leaping over a broom. Why?"
Rituals and celebrations,Rituals and celebrations - 10.txt,Live-action role-play is venturing into some weighty social topics. Can make-believe really show us possible worlds?
Rituals and celebrations,Rituals and celebrations - 11.txt,The problem with our society is not that it values material things too much but that it doesn’t value them enough
Rituals and celebrations,Rituals and celebrations - 12.txt,"In a rare interview, Philip Pullman tells us his own origin story, and why the great questions are still religious ones"
Rituals and celebrations,Rituals and celebrations - 13.txt,Native American peoples are still here and still caring for their land. Can their conquerors say the same?
Rituals and celebrations,Rituals and celebrations - 14.txt,"Stand, breathe, swing, cut – there is a simplicity to chopping firewood that feels like a kind of active meditation"
Rituals and celebrations,Rituals and celebrations - 2.txt,We can choose how we live – why not how we leave? A free society should allow dying to be more deliberate and imaginative
Rituals and celebrations,Rituals and celebrations - 3.txt,"Whether via music, dance or prayer, the trance state was key to human evolution, forging society around the transcendent"
Rituals and celebrations,Rituals and celebrations - 4.txt,"Everyday rituals are ephemeral prayers, a hint to the gods for protection, encircling life like a fragrant garland"
Rituals and celebrations,Rituals and celebrations - 5.txt,Frankincense and myrrh have long links to the sacred. Why has Christianity viewed them with both fascination and suspicion?
Rituals and celebrations,Rituals and celebrations - 6.txt,"Evidence of burial rites by the primitive, small-brained Homo naledi suggests that symbolic behaviour is very ancient indeed"
Rituals and celebrations,Rituals and celebrations - 7.txt,Self-marriage promises love and fulfilment – but is it a radical act or a depressing concession to self-absorption?
Rituals and celebrations,Rituals and celebrations - 8.txt,"Life can be a lonely journey. But at your local cigar bar, all the guys know your name – or give you a new one altogether"
Rituals and celebrations,Rituals and celebrations - 9.txt,"Every human culture has used masks for ritual disinhibition, shaming and play. Is being online the ultimate masquerade?"
Self-improvement,Self-improvement - 1.txt,There are no transcendent insights that rise above human difference. Yet wisdom exists if we look in the right places
Self-improvement,Self-improvement - 10.txt,Habits – good or bad – were once a matter of ethical seriousness. Are they now just another technology of self-absorption?
Self-improvement,Self-improvement - 2.txt,"To listen well is not only a kindness to others but also, as the psychologist Carl Rogers made clear, a gift to ourselves"
Self-improvement,Self-improvement - 3.txt,"De Bono’s popular theory is textbook pseudoscience: unsound, untested and derivative of real (unacknowledged) research"
Self-improvement,Self-improvement - 4.txt,Don’t throw in the day job to follow your dream. Join the bifurcators who juggle work-for-pay and their work-for-love
Self-improvement,Self-improvement - 5.txt,"Forget memory. Kill desire. Open up in the moment to unleash creativity, intuition, and even political transformation"
Self-improvement,Self-improvement - 6.txt,"Millions believe that pop psychology can change their tennis skills, their love life or their moods. Are they all wrong?"
Self-improvement,Self-improvement - 7.txt,"Fantasies about the future have a troubling effect on achieving actual goals. If positive thinking doesn’t work, what does?"
Self-improvement,Self-improvement - 8.txt,Learning to be kind to yourself when you (inevitably) make mistakes could have a remarkable effect on your happiness
Self-improvement,Self-improvement - 9.txt,Why the punishment and humiliation of reality TV contestants provides such a satisfying and deep pleasure
Sleep and dreams,Sleep and dreams - 1.txt,"The psychic lives of nonhuman dreamers reveal colours, harmonies and beauties of which we had little inkling until now"
Sleep and dreams,Sleep and dreams - 10.txt,"The ticking of the bodyclock can help us fight cancer, safeguard our hearts, time our meals, and enhance our intelligence"
Sleep and dreams,Sleep and dreams - 11.txt,"Dreams might not be omens or prophecies in a mystical sense, but they do have a distinct psychological predictive power"
Sleep and dreams,Sleep and dreams - 12.txt,"People once woke up halfway through the night to think, write or make love. What have we lost by sleeping straight through?"
Sleep and dreams,Sleep and dreams - 13.txt,"Insomnia brings many gifts — the noises of the night, the twist of narrative, and a stolen march on time"
Sleep and dreams,Sleep and dreams - 2.txt,"We’re not the only beings that dream. What visions might sleep bring to a cell, an insect, a mollusk, an ape?"
Sleep and dreams,Sleep and dreams - 3.txt,"Dream-hacking techniques can help us create, heal and have fun. They could also become tools of commercial manipulation"
Sleep and dreams,Sleep and dreams - 4.txt,Adults sleep less than babies. Sperm whales sleep less again. A new mathematical theory unlocks the mysteries of slumber
Sleep and dreams,Sleep and dreams - 5.txt,"I’m a dream engineer. Through touch, scent and sound, we help people rescript the dramas of their sleeping lives"
Sleep and dreams,Sleep and dreams - 6.txt,"We live in a wake-centric world that devalues dreaming, yet we need to experience dreams to be our authentic selves"
Sleep and dreams,Sleep and dreams - 7.txt,"American work culture, seeping around the globe, threatens to ruin the pleasures and benefits of public, communal sleep"
Sleep and dreams,Sleep and dreams - 8.txt,The world’s great religions and spiritual journeys emerged from dreams and visions. Neurochemistry tells us how
Sleep and dreams,Sleep and dreams - 9.txt,"When wakefulness is seen as the main event, no wonder so many have trouble sleeping. Can we rekindle the joy of slumber?"
Social psychology,Social psychology - 1.txt,"The fear of being duped is ubiquitous, but excessive scepticism makes it harder to trust one another and cooperate"
Social psychology,Social psychology - 10.txt,"In this febrile cultural moment filled with fear of the Other, horror has achieved the status of true art"
Social psychology,Social psychology - 11.txt,"As Hannah Arendt argued, there is one common thread that connects individuals drawn to all kinds of extremist ideologies"
Social psychology,Social psychology - 12.txt,"Unleashed by globalisation’s dark side and the collapse of communities, radical Islam and the alt-Right share a common cause"
Social psychology,Social psychology - 13.txt,"Prejudice remains a huge social evil but evidence for harm caused by microaggression is incoherent, unscientific and weak"
Social psychology,Social psychology - 14.txt,Experts are either derided or held up as all-seeing gurus. Time to reboot the relationship between expertise and democracy
Social psychology,Social psychology - 15.txt,Groupthink can be stultifying. So how do the most successful groups elicit collective intelligence from their members?
Social psychology,Social psychology - 16.txt,"Social scientists dismiss them, but rather than being universally inaccurate, stereotypes are often grounded in reality"
Social psychology,Social psychology - 17.txt,"Crowds aren’t as smart as we thought, since some people know more than others. A simple trick can find the ones you want"
Social psychology,Social psychology - 18.txt,"Our ancestors reacted to parasites with overwhelming revulsion, wiring the brain for morals, manners, politics and laws"
Social psychology,Social psychology - 19.txt,Has evolution programmed us to shun and turn our backs on refugees – even when they might die without our help?
Social psychology,Social psychology - 2.txt,"Disagreements can be unpleasant, even offensive, but they are vital to human reason. Without them we remain in the dark"
Social psychology,Social psychology - 20.txt,The studies just keep coming. Unconscious racism is pervasive. It starts early. And it creates a deadly empathy gap
Social psychology,Social psychology - 3.txt,"A ragged curtain, a creaking attic, a dark cellar – what explains the architecture of creepiness, and its enduring appeal?"
Social psychology,Social psychology - 4.txt,Secular modernity requires the weeding out of all the baloney. Yet it’s not clear that we are any less credulous than before
Social psychology,Social psychology - 5.txt,The brain makes no distinction between a broken bone and an aching heart. That’s why social exclusion needs a health warning
Social psychology,Social psychology - 6.txt,"In a world of difference we can – and should – work harder to cultivate subtle, perceptive empathy towards all human beings"
Social psychology,Social psychology - 7.txt,It’s a truism of social psychology that witnesses are less likely to intervene if other onlookers are present. Not so
Social psychology,Social psychology - 8.txt,"A pair of cognitive scientists, married for half a century, explain why two argumentative heads can be better than one"
Social psychology,Social psychology - 9.txt,The trances and healing powers of shamans are so widespread that they can be counted a human universal. Why did they evolve?
Space exploration,Space exploration - 1.txt,"When self-replicating craft bring life to the far Universe, a religious cult, not science, is likely to be the driving force"
Space exploration,Space exploration - 10.txt,"In the 1960s, NASA went to huge expense to contain possible pathogens from the Moon. What can we learn from the attempt?"
Space exploration,Space exploration - 11.txt,"The ability to stir new life into being, all across the Universe, compels us to ask why life matters in the first place"
Space exploration,Space exploration - 12.txt,If we don’t invent a legal framework for space colonisation the consequences could be catastrophic: the time to act is now
Space exploration,Space exploration - 13.txt,"After centuries searching for extraterrestrial life, we might find that first contact is not with organic creatures at all"
Space exploration,Space exploration - 14.txt,Elon Musk and the rise of Silicon Valley’s strange trickle-down science
Space exploration,Space exploration - 15.txt,"If head-on problem-solving can’t save the Earth, maybe lateral innovation can. Will low-cost space research pave the way?"
Space exploration,Space exploration - 2.txt,"Space junk surrounds Earth, posing a dangerous threat. But there is a way to turn the debris into opportunity"
Space exploration,Space exploration - 3.txt,"Earthbound exploration was plagued with colonialism, exploitation and extraction. Can we hope to make space any different?"
Space exploration,Space exploration - 4.txt,The detection of alien life won’t be obvious. It’ll be partial and inconclusive: a perfect task for the scientific method
Space exploration,Space exploration - 5.txt,"By showing us a new cosmos, the discoveries of the James Webb Space Telescope will ripple through our moral universe"
Space exploration,Space exploration - 6.txt,The scientific evidence is clear: the only celestial body that can support us is the one we evolved with. Here’s why
Space exploration,Space exploration - 7.txt,Our future in space relies on settling the Moon and using it as a base to probe the deepest questions in the cosmos
Space exploration,Space exploration - 8.txt,"Instead of treating Mars and the Moon as sites of conquest and settlement, we need a radical new ethics of space exploration"
Space exploration,Space exploration - 9.txt,Asteroids could pay for so much space exploration. We just need to mine those valuable resources – and duck a direct hit
Spirituality,Spirituality - 1.txt,"Pilgrims have long sought in India’s holiest city an antidote to the modern West, but Varanasi is more dream than reality"
Spirituality,Spirituality - 2.txt,It’s hailed as the panacea for everything from cancer to war. Does research into its efficacy meet scientific standards?
Sports and games,Sports and games - 1.txt,"While some keep their cards close to their chest, others try raising the stakes. What can poker teach us about dating?"
Sports and games,Sports and games - 2.txt,"Many athletes are propelled by childhood trauma to succeed, but it’s a toxic myth that healing the wounds blunts the edge"
Sports and games,Sports and games - 3.txt,"For mountaineers, it’s not enough to get to the top – it must be done a certain way. But why is the harder way better?"
Sports and games,Sports and games - 4.txt,"For centuries, altitude sickness thwarted our attempts to reach sacred heights. What mysterious force repelled us?"
Stories and literature,Stories and literature - 1.txt,"Bereft and suicidal, I lay on my sofa. Only David Foster Wallace’s novel kept me tethered to life, and still does"
Stories and literature,Stories and literature - 10.txt,Parenting advice from D H Lawrence: don’t smother your children with love. They are more sagacious than you think
Stories and literature,Stories and literature - 11.txt,"Today, the ancient Greek storyteller would be winning Oscars. To learn how, turn to the Poetics, his masterwork on writing"
Stories and literature,Stories and literature - 12.txt,"When a writer stares down a blank page, the whole of literature stares back. Why, then, leave the empty page as it is?"
Stories and literature,Stories and literature - 13.txt,Franz Kafka believed illness was at the root of his writing yet he embraced wellness fads with hearty vigour
Stories and literature,Stories and literature - 14.txt,"How do ancient stories of talking elephants and singing birds encourage a life of truth, nonviolence and compassion?"
Stories and literature,Stories and literature - 15.txt,Kalila and Dimna’s ancient parables on power delight as much as they instruct. But their moral maxims are ethically murky
Stories and literature,Stories and literature - 16.txt,"Read with love, rather than critical distance, the classics can provide tools to subvert oppressive hierarchies"
Stories and literature,Stories and literature - 17.txt,Some twists infuriate; others are brilliant. But they both use the surprise story as a self-exploding confidence game
Stories and literature,Stories and literature - 18.txt,Strange entanglements of politics and romantic love marked England’s conquest of Ireland and still haunt the Irish today
Stories and literature,Stories and literature - 19.txt,Machine-written literature might offend your tastes but until the dawn of Romanticism most writers were just as formulaic
Stories and literature,Stories and literature - 2.txt,"Devon, 1970s: I’m a rector’s son, hanging out with Boz the biker. My life is about to open up – what does it promise for him?"
Stories and literature,Stories and literature - 20.txt,I self-published erotica to make ends meet. Could I follow in Anaïs Nin’s footsteps or was I doomed to churn out filth?
Stories and literature,Stories and literature - 21.txt,"At 700, Dante’s Divine Comedy is as modern as ever – a lesson in spiritual intelligence that makes us better at being alive"
Stories and literature,Stories and literature - 22.txt,He spoke truth to power and made heresy a virtue. Lessons on free speech and intellectual combat from John Milton
Stories and literature,Stories and literature - 23.txt,"Women who write about their pain suffer a double shaming: once for getting injured, twice for their act of self-exposure"
Stories and literature,Stories and literature - 24.txt,Samuel Beckett turned an obscure 17th-century Christian heresy into an artistic vision and an unusual personal philosophy
Stories and literature,Stories and literature - 25.txt,"By conquering young minds, the writing of J R R Tolkien and C S Lewis worked to recapture a world that was swiftly ebbing away"
Stories and literature,Stories and literature - 26.txt,"Immorality, sexism, politics, war: the polychromatic Indian epic pulses with relevance to the present day"
Stories and literature,Stories and literature - 27.txt,The antics in postwar Nordic children’s books left propaganda and prudery behind. We need this madcap spirit more than ever
Stories and literature,Stories and literature - 28.txt,"William Blake saw angels and ghosts and the Hallelujah sunrise, even on the darkest day. We need to foster his state of mind"
Stories and literature,Stories and literature - 29.txt,"In Hermann Hesse’s novels, as in his life, self-discovery walked a tightrope between deep insights and profound solipsism"
Stories and literature,Stories and literature - 3.txt,"Long derided as mere coincidences, acrostics in ancient poetry are finally being taken seriously – with astonishing results"
Stories and literature,Stories and literature - 30.txt,Superman et al were invented amid feverish eugenic speculation: what does the superhero craze say about our own times?
Stories and literature,Stories and literature - 31.txt,"In The Anatomy of Melancholy, Robert Burton gave his life to charting a Renaissance disease both alluring and dangerous"
Stories and literature,Stories and literature - 32.txt,Woolf loathed it but it spurred her on. Hemingway drew ideas of manliness from it. Self-help haunted the modernist imagination
Stories and literature,Stories and literature - 33.txt,"The sympathetic plot is a type of story, rich in tropes, that is universal to human cultures. With one big twist…"
Stories and literature,Stories and literature - 34.txt,Why the ancient erotic poems of Sappho and Wallada bint al-Mustakfi are far more stimulating than modern pornography
Stories and literature,Stories and literature - 35.txt,"In our image-saturated, over-sped world, we are losing the imaginative power to create and find meaning through metaphor"
Stories and literature,Stories and literature - 36.txt,"When Walter Benjamin fled France in 1940, he took a heavy black suitcase. Did it contain a typescript? Where is it now?"
Stories and literature,Stories and literature - 37.txt,"So many arguments are given against Shakespeare being gay – yet his sonnets contain their own message, that love is love"
Stories and literature,Stories and literature - 38.txt,The Satanic Verses would not be written or published today. What’s changed since Salman Rushdie’s notorious novel?
Stories and literature,Stories and literature - 39.txt,"Brilliant leader, kind horseman and friend of Socrates:  Xenophon’s writings inspire a humane, practical approach to life"
Stories and literature,Stories and literature - 4.txt,Enheduana is the first known named author. Her poems of strife and upheaval resonate in our own unstable times
Stories and literature,Stories and literature - 40.txt,The uncanny realism of Orson Welles’s radio play crystallised a fear of communication technology that haunts us today
Stories and literature,Stories and literature - 41.txt,"Confused, inferior and philosophically unsound: the Greco-Roman critique of the Old Testament could have been written today"
Stories and literature,Stories and literature - 42.txt,What is the task of the translator – to be a servant to the source or to create a new work of illuminated meaning?
Stories and literature,Stories and literature - 43.txt,"In Japan, ghost stories are not to be scoffed at, but provide deep insights into the fuzzy boundary between life and death"
Stories and literature,Stories and literature - 44.txt,"Dandies in the age of decadence favoured synthetics over nature, nowhere more so than in perfumery’s fabulous counterfeits"
Stories and literature,Stories and literature - 45.txt,Tech flourished in communist Bulgaria and so did a body of science fiction asking vital philosophical questions
Stories and literature,Stories and literature - 46.txt,You probably know a quote from him. He probably never said it. How did Einstein become a touchstone of all that is wise?
Stories and literature,Stories and literature - 47.txt,Pop culture today is obsessed with the battle between good and evil. Traditional folktales never were. What changed?
Stories and literature,Stories and literature - 48.txt,"How markets, Marx, and provincial elites created world literature to fight both empire and nationalism"
Stories and literature,Stories and literature - 49.txt,How can you go about finding ‘who you really are’ if the whole idea of the one true self is a big fabrication?
Stories and literature,Stories and literature - 5.txt,"In the face of an inscrutable, indifferent universe, Pessoa suggests we cultivate a certain longing for the elusive horizon"
Stories and literature,Stories and literature - 50.txt,"Dancer, courtesan, spy: on the centenary of her execution, how much do we really know about the woman behind the legend?"
Stories and literature,Stories and literature - 51.txt,"Whether divining ancient wisdoms or elevating the art of cold reading, tarot is a form of therapy, much like psychoanalysis"
Stories and literature,Stories and literature - 52.txt,The North Sea is rich in signs of what made the modern world. It’s also a monument to what awaits us in the Anthropocene
Stories and literature,Stories and literature - 53.txt,Indigenous peoples around the world tell myths which contain warning signs for natural disasters. Scientists are now listening
Stories and literature,Stories and literature - 54.txt,"Can walking the city streets still be liberating, when every path is paved with literary quotations and artistic prefiguring?"
Stories and literature,Stories and literature - 55.txt,His name is synonymous with serial seduction but Casanova’s  memoirs reveal a man greater than the sum of his ‘conquests’
Stories and literature,Stories and literature - 56.txt,"Literature can enthuse medicine, and medicine can inspire literature. They are complementary treatments for being human"
Stories and literature,Stories and literature - 57.txt,Why would Odysseus dump a hot nymph? Or toyboys lust after his wife Penelope? Unveiling the erotic mysteries of the Odyssey
Stories and literature,Stories and literature - 58.txt,Artificial intelligence sheds new light on classic texts. Literary theorists who don’t embrace it face obsolescence
Stories and literature,Stories and literature - 59.txt,"Literary criticism taught me to scrub my feelings out of my reading, but a medieval mystic showed me how to put them back in"
Stories and literature,Stories and literature - 6.txt,"By day an insurance official, by night he was an incessant, insomniacal scribe of the space between waking and dreaming"
Stories and literature,Stories and literature - 60.txt,The book has always been a sign of status and refinement; a declaration of self-worth – even for those who hate to read
Stories and literature,Stories and literature - 61.txt,There is something deeply revealing about the books one truly loves in childhood and adolescence
Stories and literature,Stories and literature - 62.txt,"A gifted child, an adventure, a dark time, and then … a pivot? How Silicon Valley rewrote America’s redemption narrative"
Stories and literature,Stories and literature - 63.txt,The unfashionable world of Blyton’s school stories still has much to say about what it means to live an ethical life
Stories and literature,Stories and literature - 64.txt,"To the ancient Greeks, Ocean – at once a monster and a god – was what the Big Bang is to cosmologists today"
Stories and literature,Stories and literature - 65.txt,"What’s more wholesome than reading? Yet books wield a dangerous power: the best erode self, infecting readers with ideas"
Stories and literature,Stories and literature - 66.txt,"Digital books stagnate in closed, dull systems, while printed books are shareable, lovely and enduring. What comes next?"
Stories and literature,Stories and literature - 67.txt,"Messy plots, audience participation and uncertain endings: how digital storytelling revives the ancient art of gossip"
Stories and literature,Stories and literature - 68.txt,"The internet is rife with myths, scams and hoaxes. When any claim can be checked out, why does fiction still trump fact?"
Stories and literature,Stories and literature - 69.txt,"Even in our digital age, live storytelling has a spellbinding effect more potent than any DVD box set"
Stories and literature,Stories and literature - 7.txt,"A sonnet contains an emotional drama of illusion and deception, crisis and resolution, crafted to make us think and feel"
Stories and literature,Stories and literature - 70.txt,"We yearn for silence, yet the less sound there is, the more our thoughts deafen us. How can we still the noise within?"
Stories and literature,Stories and literature - 71.txt,"City life is a constant, maddening hum. Only in a place like the Sahara can we hear the nothingness that revives"
Stories and literature,Stories and literature - 72.txt,"UFO sightings are down. Ghosts are in decline. Are we more discerning now, or just afraid to trust anything?"
Stories and literature,Stories and literature - 73.txt,"‘An observer in armed conflict – there’s danger, yes, that’s true – but it’s managed’"
Stories and literature,Stories and literature - 8.txt,"Often vilified as a weapon of male supremacy, pornography in fact has much to tell us about ourselves and our culture"
Stories and literature,Stories and literature - 9.txt,"For thousands of fans, he made philosophy thrillingly relevant. Yet there is a deep unsavoury undercurrent to his worldview"
Subcultures,Subcultures - 1.txt,Bending a mysterious world to your will was the goal of esoteric practices. Now it’s the unashamed aim of the tech titans
Subcultures,Subcultures - 10.txt,"Cults are exploitative, weird groups with strange beliefs and practices, right? So what about regular religions then?"
Subcultures,Subcultures - 11.txt,"Subterranean metaphors have been a powerful tool of political resistance. Today, is there anywhere left to hide?"
Subcultures,Subcultures - 12.txt,"Most utopian communities are, like most start-ups, short-lived. What makes the difference between failure and success?"
Subcultures,Subcultures - 13.txt,"The Amish are online, onscreen, and multiplying fast. In their battle with modernity, it’s tough to say who’s winning"
Subcultures,Subcultures - 14.txt,"From a vast subculture of gaming addicts in China, only a few go professional and get rich. Is the social cost worth it?"
Subcultures,Subcultures - 15.txt,Leaving LA? Forget the scenic route along the coast: hit the Five instead and see what’s on California’s mind
Subcultures,Subcultures - 2.txt,"For children like me, growing up in an utopian community, life was a bewildering chaos of freedom and indoctrination"
Subcultures,Subcultures - 3.txt,"Naturists believed nudity was profoundly beneficial to society. In order to spread the message, they took to photography"
Subcultures,Subcultures - 4.txt,"To understand why so many adults are acting just like children, don’t blame Millennials – look to Japan in the 1990s"
Subcultures,Subcultures - 5.txt,"The dropout was not just a hippy-trippy hedonist but a paranoid soul, who feared brainwashing and societal control"
Subcultures,Subcultures - 6.txt,The Western canon has no shortage of fascists. But can the far-Right make ‘literature’ worthy of the name?
Subcultures,Subcultures - 7.txt,How an impossibly flat expanse of absofreakinglutely nothing inspires creativity and transformation at Burning Man
Subcultures,Subcultures - 8.txt,The theory that the brain produces its own psychedelic compound provokes pop-culture enthusiasm and scientific controversy
Subcultures,Subcultures - 9.txt,"At their best, daredevils rival philosophers and mystics in their exploration of human mortality and spirit"
Teaching and learning,Teaching and learning - 1.txt,A teaching approach that is based on students’ preferences sounds laudable. But this misunderstands how learning happens
Teaching and learning,Teaching and learning - 2.txt,"Immanuel Kant held that moral education is hydraulic: shame squashes down our vices, making space for virtue to rise up"
Teaching and learning,Teaching and learning - 3.txt,A generation of schoolchildren is being exhorted to believe in their brain’s elasticity. Does it really help them learn?
Teaching and learning,Teaching and learning - 4.txt,Children learn best when their bodies are engaged in the living world. We must resist the ideology of screen-based learning
Teaching and learning,Teaching and learning - 5.txt,The authoritative statement of scientific method derives from a surprising place — early 20th-century child psychology
Teaching and learning,Teaching and learning - 6.txt,Students are working harder than ever to pass tests but schools allow no time for true learning in the Socratic tradition
Teaching and learning,Teaching and learning - 7.txt,A child’s brain can master anything from language to music. Can neuroscience extend that genius across the lifespan?
Technology and the self,Technology and the self - 1.txt,"As tasks mount up, our brain’s ability to juggle goes down. Neuroergonomic tactics can relieve the cognitive burden"
Technology and the self,Technology and the self - 10.txt,Unburdening ourselves online can feel radical and liberating. But is baring and sharing all as emancipatory as it seems?
Technology and the self,Technology and the self - 11.txt,"As the dreams of Silicon Valley fill our world, could the dowdy historian Arnold Toynbee help prevent a nightmare?"
Technology and the self,Technology and the self - 12.txt,"Electricity is a tyranny of buzzing and chirping demands. Here’s to wrinkled clothes, typewriters and life off-grid"
Technology and the self,Technology and the self - 2.txt,"Cognitive scientists and corporations alike see human minds as predictive machines. Right or wrong, they will change how we think"
Technology and the self,Technology and the self - 3.txt,"Sitting in a videoconference is a uniformly crap experience. Instead of corroding our humanity, let’s design tools to enhance it"
Technology and the self,Technology and the self - 4.txt,"Our world is a system, in which physical and social technologies co-evolve. How can we shape a process we don’t control?"
Technology and the self,Technology and the self - 5.txt,"Don’t just give away your privacy to the likes of Google and Facebook – protect it, or you disempower us all"
Technology and the self,Technology and the self - 6.txt,"From elevators to iPhones, the rise of pushbuttons has provoked a century of worries about losing the human touch"
Technology and the self,Technology and the self - 7.txt,"From scoreboards to trackers, games have infiltrated work, serving as spies, overseers and agents of social control"
Technology and the self,Technology and the self - 8.txt,Artificial intelligence promises ever more control over the highs and lows of our emotions. Uneasy? Perhaps you should be
Technology and the self,Technology and the self - 9.txt,"Mother Nature might be lovely, but moral she is not. She doesn’t love us or want what’s best for us"
The ancient world,The ancient world - 1.txt,Passersby could wander at will into grand public libraries in imperial Rome. Could they trust what they found inside?
The ancient world,The ancient world - 10.txt,A generation of pagan bureaucrats amassed wealth and status while Roman emperors Christianised the world around them
The ancient world,The ancient world - 11.txt,"Being good is hard. How an ancient Indian emperor, horrified by the cruelty of war, created an infrastructure of goodness"
The ancient world,The ancient world - 12.txt,Ancient Athenian and Greek practices afford us insights into how and why to maintain real accountability in public life
The ancient world,The ancient world - 13.txt,Is the figure of the author bad for literature? Un-authored Roman literature and the transcendence of mere individuality
The ancient world,The ancient world - 14.txt,"How a widowed queen became a rebel warrior, defying Roman patriarchy, and leading her people to glory even in defeat"
The ancient world,The ancient world - 15.txt,"Was writing invented for accounting and administration or did it evolve from religious movements, sorcery and dreams?"
The ancient world,The ancient world - 16.txt,"The Greeks didn’t have modern ideas of race. Did they see themselves as white, black – or as something else altogether?"
The ancient world,The ancient world - 17.txt,"The British, Irish and Lebanese have all claimed descent from the ancient Phoenicians. But ancient Phoenicia never existed"
The ancient world,The ancient world - 18.txt,The idea that the Maya or Easter Islanders experienced an apocalyptic end makes for good television but bad archaeology
The ancient world,The ancient world - 19.txt,Have archaeologists proven the ancient tale of mass suicide in the Judaean desert or twisted science for political end?
The ancient world,The ancient world - 2.txt,"The name ‘Eutychis’ was etched into a wall 2,000 years ago. Finding out who she was illuminates the dark side of Rome"
The ancient world,The ancient world - 20.txt,"Incentives, rewards, bonuses and bonding experiences – Roman slaveowners were the first management theorists"
The ancient world,The ancient world - 3.txt,The iconoclastic French historian Paul Veyne illuminated the past by showing how deeply alien it is to the present
The ancient world,The ancient world - 4.txt,"Daughter of Cleopatra and Mark Antony, she became the influential queen of a mysterious, abundant North African kingdom"
The ancient world,The ancient world - 5.txt,"The Roman Empire enabled an early version of globalisation that offered travellers adventure, novelty and opportunity"
The ancient world,The ancient world - 6.txt,"Ancient Romans bought mementos to commemorate their travels. These speak eloquently of their world, if we care to listen"
The ancient world,The ancient world - 7.txt,"Linear B has yielded its secrets, but Linear A remains elusive. Can linguistic analysis unlock the meaning of Minoan script?"
The ancient world,The ancient world - 8.txt,"Mythological home of Helen, war-making polis of Leonidas and now a modest municipality: the city is a palimpsest"
The ancient world,The ancient world - 9.txt,White supremacists fetishise ancient Rome – but antiquity was more diverse and polychromatic than racists will admit
The environment,The environment - 1.txt,"In Fukushima, communities are adapting to life in a time of permanent pollution: a glimpse of what’s to come for us all"
The environment,The environment - 10.txt,"The glass of orange juice at the breakfast table tells a tale about what’s natural, what’s whole and what’s healthy for us"
The environment,The environment - 11.txt,Our insatiable desire for acceleration exacts a mortal toll on the animal world. It’s time for humans to slow right down
The environment,The environment - 12.txt,"The thugs of the barnyard, roosters were bred to fight and strut. Does our highly tamed world have room for them any more?"
The environment,The environment - 13.txt,Debates about whether to protect these ghostly white deer demonstrate deep connections between our humanity and the hunt
The environment,The environment - 14.txt,"Mimic the dance between carbon, hydrogen and oxygen, and you can tap into clean solar energy and ease climate change"
The environment,The environment - 15.txt,"We are quick to condemn a hunter posing with his prey, but all too slow to cultivate a chronic passion for wild things"
The environment,The environment - 16.txt,Private land ownership is a beautiful dream gone badly wrong. It’s time to reinstate the forgotten ideal of the commons
The environment,The environment - 17.txt,"Unplugging from the electrical grid was relatively easy. What we didn’t realise was that we needed the human grid, too"
The environment,The environment - 18.txt,Wind farms are good for the world but hard on the heart. A lover of wilderness reshapes her own instinct for beauty
The environment,The environment - 2.txt,"Unkempt, beguiling and lacking conventional geometry, wetlands bring a roguish, raffish wildness to the city"
The environment,The environment - 3.txt,"Our excrement is a natural, renewable and sustainable resource – if only we can overcome our visceral disgust of it"
The environment,The environment - 4.txt,"Far from being profoundly destructive, we humans have deep capacities for sharing resources with generosity and foresight"
The environment,The environment - 5.txt,Spinoza helps diagnose the bad ideas and sad passions that preclude us from a finer relationship with the natural world
The environment,The environment - 6.txt,"We know how to replace toxic, intensive livestock raising with beautiful, efficient grasslands. Do we have the will?"
The environment,The environment - 7.txt,Climate change is an emergency but despair is not the answer. The world is full of untold stories of people-powered change
The environment,The environment - 8.txt,Jürgen Habermas offers a framework for action on climate change – justice and deliberation are as important as the science
The environment,The environment - 9.txt,"The imperious monsoon rains have ruled India for centuries. Already unstable, what happens if they shift fundamentally?"
The future,The future - 1.txt,Superlative things were done in the past century by marshalling thousands of people in the service of a vision of the future
The future,The future - 2.txt,Science today stands at a crossroads: will its progress be driven by human minds or by the machines that we’ve created?
The future,The future - 3.txt,Only since the Enlightenment have we been able to imagine humans going extinct. Is it a sign of our maturity as a species?
Thinkers and theories,Thinkers and theories - 1.txt,The intrepid logician Kurt Gödel believed in the afterlife. In four heartfelt letters to his mother he explained why
Thinkers and theories,Thinkers and theories - 10.txt,Scholars cannot agree whether the letters of Plato are fake or genuine. Is this just a symptom of misplaced reverence?
Thinkers and theories,Thinkers and theories - 11.txt,Alexandre Kojève was an immense influence on many French thinkers. What was so compelling about his lectures on Hegel?
Thinkers and theories,Thinkers and theories - 12.txt,"Were it not for her friendship with John Locke, the radical feminist gems of philosopher Damaris Masham might be unknown"
Thinkers and theories,Thinkers and theories - 13.txt,"Sartre gets much of the credit for existentialism. Karl Jaspers not only preceded him, but offered a way out of despair"
Thinkers and theories,Thinkers and theories - 14.txt,"Bruno Latour showed us how to think with the things of the world, respecting their right to exist and act on their own terms"
Thinkers and theories,Thinkers and theories - 15.txt,"Eric Voegelin and Hans Kelsen fled the Nazis. In the US, they clashed over the nature of modernity and government"
Thinkers and theories,Thinkers and theories - 16.txt,"Inspired by Kant, Fichte launched a radical philosophical system based on subjectivity and aspiring to freedom for all"
Thinkers and theories,Thinkers and theories - 17.txt,"In the long 19th century, many women philosophers were marginalised or ignored. We need to rediscover them"
Thinkers and theories,Thinkers and theories - 18.txt,"From the ashes of the Second World War, Günther Anders forecast a new catastrophe: technology would overwhelm its creators"
Thinkers and theories,Thinkers and theories - 19.txt,A golden generation of French philosophers dismantled truth and other traditional ideas. What next for their successors?
Thinkers and theories,Thinkers and theories - 2.txt,"For Rachel Bespaloff, philosophy was a sensual activity shaped by the rhythm of history, embodied in an instant of freedom"
Thinkers and theories,Thinkers and theories - 20.txt,The history of ideas still struggles to remember the names of notable women philosophers. Mary Hesse is a salient example
Thinkers and theories,Thinkers and theories - 21.txt,"The desire for certainty is often foolish and sometimes dangerous. Scepticism undermines it, both in oneself and in others"
Thinkers and theories,Thinkers and theories - 22.txt,"Some see Plato as a pure rationalist, others as a fantastical mythmaker. His deft use of stories tells a more complex tale"
Thinkers and theories,Thinkers and theories - 23.txt,"Too dense, too abstract, too suspect, Hegel was outside the Anglophone canon for a century. Why is his star rising again?"
Thinkers and theories,Thinkers and theories - 24.txt,It started as a fringe philosophical theory about humanity’s future. It’s now richly funded and increasingly dangerous
Thinkers and theories,Thinkers and theories - 25.txt,"For Hannah Arendt, hope is a dangerous barrier to courageous action. In dark times, the miracle that saves the world is to act"
Thinkers and theories,Thinkers and theories - 26.txt,"Brilliant and fierce, the philosopher and educator Amalia Holst demonstrated how the German Enlightenment failed women"
Thinkers and theories,Thinkers and theories - 27.txt,Is there something special about the way women do philosophy or is that just another essentialist idea holding us back?
Thinkers and theories,Thinkers and theories - 28.txt,"For the political economist Albert O Hirschman, democracy thrives not on strong opinions but on doubt and flexibility"
Thinkers and theories,Thinkers and theories - 29.txt,"Simone Weil: mystic, philosopher, activist. Her ethics demand that we look beyond the personal and find the universal"
Thinkers and theories,Thinkers and theories - 3.txt,"Written for laymen, read by women and kings, Christian Wolff’s mathematical method made him a key Enlightenment philosopher"
Thinkers and theories,Thinkers and theories - 30.txt,George Berkeley was a visionary immaterialist. And a philosopher whose views on subordination to God legitimised slavery
Thinkers and theories,Thinkers and theories - 31.txt,"Though far more often remembered as a poet, Coleridge’s theory of ideas was spectacular in its originality and bold reach"
Thinkers and theories,Thinkers and theories - 32.txt,She was a French revolutionary and a politician’s wife. But Manon Roland should be remembered for her philosophical writings
Thinkers and theories,Thinkers and theories - 33.txt,A powerful cadre of scientists and economists sold Karl Popper’s ‘falsification’ idea to the world. They have much to answer for
Thinkers and theories,Thinkers and theories - 34.txt,Susan Stebbing’s little Pelican book on philosophy had a big aim: giving everybody tools to think clearly for themselves
Thinkers and theories,Thinkers and theories - 35.txt,No one with an interest in philosophy or debates about identity can afford to be ignorant of the work of Saul Kripke
Thinkers and theories,Thinkers and theories - 36.txt,"Plato travelled to the decadent strife-torn court of Syracuse three times, risking his life to create a philosopher-king"
Thinkers and theories,Thinkers and theories - 37.txt,"The phenomenology of Maurice Merleau-Ponty entwines us, via our own beating, pulsing, living bodies, in the lives of others"
Thinkers and theories,Thinkers and theories - 38.txt,"Franz Brentano, philosopher and psychologist, was an iconic teacher eclipsed by his students, Freud and Husserl among them"
Thinkers and theories,Thinkers and theories - 39.txt,"Hannah Arendt enjoyed her solitude, but she believed that loneliness could make people susceptible to totalitarianism"
Thinkers and theories,Thinkers and theories - 4.txt,In the face of climate crisis it might seem myopic but philosophers from Spinoza to Næss argue it is the only way forward
Thinkers and theories,Thinkers and theories - 40.txt,"Written while awaiting execution, the Consolation of Philosophy poses questions about human reason that remain urgent today"
Thinkers and theories,Thinkers and theories - 41.txt,"Renowned for his pessimism, Arthur Schopenhauer was nonetheless a conoisseur of very distinctive kinds of happiness"
Thinkers and theories,Thinkers and theories - 42.txt,"For philosopher Henri Bergson, laughter solves a serious human conundrum: how to keep our minds and social lives elastic"
Thinkers and theories,Thinkers and theories - 43.txt,"Does philosophy reside in the unsayable or should it care only for precision? Carnap, Heidegger and the great divergence"
Thinkers and theories,Thinkers and theories - 44.txt,"Pastness, presentness and futurity seem to be real features of the world, but are they? On McTaggart’s philosophy of time"
Thinkers and theories,Thinkers and theories - 45.txt,One can only imagine how much nobler and more decent the world might be if it took more notice of Isaiah Berlin
Thinkers and theories,Thinkers and theories - 46.txt,Pragmatism was not eclipsed after Dewey: it has been a constant and dominant force in philosophy for nearly 100 years
Thinkers and theories,Thinkers and theories - 47.txt,"A philosophy that values innocent pleasure, human warmth and the rewards of creative endeavour. What’s not to like?"
Thinkers and theories,Thinkers and theories - 48.txt,"Visiting Wittgenstein’s home evokes the philosopher’s serious, ascetic mind (no doubt he would disapprove its restoration)"
Thinkers and theories,Thinkers and theories - 49.txt,"Centuries before Spinoza, there was Ḥiwi al-Balkhi, a Jewish freethinker for whom the Bible was too irrational for faith"
Thinkers and theories,Thinkers and theories - 5.txt,"The philosopher understood that learning – of a concept, of ourselves, of each other – is the undertaking of a whole life"
Thinkers and theories,Thinkers and theories - 50.txt,"Charles Sanders Peirce was a brilliant philosopher, mathematician and scientist. His polymathic work should be better known"
Thinkers and theories,Thinkers and theories - 51.txt,"Life is suffering, whether you sit under a Bodhi Tree or stand with the workers. But do the two schools agree on the remedy?"
Thinkers and theories,Thinkers and theories - 52.txt,"Learning from his family, his animals and his work with tribal people, Gregory Bateson saw the creative potential of paradox"
Thinkers and theories,Thinkers and theories - 53.txt,"Well before Bentham, Cesare Beccaria radically questioned the right of the state to imprison and execute its citizens"
Thinkers and theories,Thinkers and theories - 54.txt,"Kure Tomofusa’s hatred of democracy, human rights and liberalism has found an echo in the West. But has he been joking all along?"
Thinkers and theories,Thinkers and theories - 55.txt,"Hegel’s search for the universal patterns of history revealed a paradox: freedom is coming into being, but is never guaranteed"
Thinkers and theories,Thinkers and theories - 56.txt,She took things too seriously. She was difficult and unyielding. That’s why Susan Sontag’s work matters so much even now
Thinkers and theories,Thinkers and theories - 57.txt,"Women loved Bergson’s philosophy of creativity, change and freedom, but their enthusiasm fuelled a backlash against him"
Thinkers and theories,Thinkers and theories - 58.txt,"As for most ancient philosophers, Lucretius saw no boundary between his scientific interests and his ethical claims"
Thinkers and theories,Thinkers and theories - 59.txt,"Despite its reputation as remote and anti-intellectual, Australia has exercised a surprisingly deep influence on philosophy"
Thinkers and theories,Thinkers and theories - 6.txt,"Twin forces marginalised the women of early analytic philosophy. Correct those mistakes, and the next generation benefits"
Thinkers and theories,Thinkers and theories - 60.txt,How Friedrich Nietzsche used ideas from the Ancient Cynics to explore the death of God and the nature of morality
Thinkers and theories,Thinkers and theories - 61.txt,"For Wittgenstein and the Vienna Circle, much of philosophy was mere nonsense. Then came Frank Ramsey’s pragmatic alternative"
Thinkers and theories,Thinkers and theories - 62.txt,"In an age when so many people are at a loss to give life meaning and direction, Giacomo Leopardi is essential reading"
Thinkers and theories,Thinkers and theories - 63.txt,"Estranged but not alienated, devout but not obedient, philosophical but not a systematiser, Simone Weil defies conventions"
Thinkers and theories,Thinkers and theories - 64.txt,The pragmatist philosopher William James had a crisp and consistent response when asked if life was worth living: maybe
Thinkers and theories,Thinkers and theories - 65.txt,"Hume believed we were nothing more or less than human: that’s why he’s the amiable, modest, generous philosopher we need now"
Thinkers and theories,Thinkers and theories - 66.txt,"When we encounter another individual truly as a person, not as an object for use, we become fully human: Martin Buber"
Thinkers and theories,Thinkers and theories - 67.txt,"Zany and earnest, political yet puckish, Gilles Deleuze and Félix Guattari were philosophy’s most improbable duo"
Thinkers and theories,Thinkers and theories - 68.txt,"The highest ideals of Locke, Hume and Kant were first proposed more than a century earlier by an Ethiopian in a cave"
Thinkers and theories,Thinkers and theories - 69.txt,Philippa Foot was one of a group of brilliant women philosophers who swam against the tide of 20th-century moral thought
Thinkers and theories,Thinkers and theories - 7.txt,"Ambedkar was not only a politician, but a profound thinker whose philosophy of democracy challenged the caste system"
Thinkers and theories,Thinkers and theories - 70.txt,"For anyone who dares to voice dangerous ideas and risk imprisonment or exile, Giordano Bruno remains a hero"
Thinkers and theories,Thinkers and theories - 8.txt,"Demonised by the political establishment for his radical, dissenting views, this 18th-century Welsh polymath deserves better"
Thinkers and theories,Thinkers and theories - 9.txt,"Jacques Derrida was fascinated by the figure of the Marrano Jew, whose identity could barely be told even to themselves"
Travel,Travel - 1.txt,D H Lawrence’s restless travels in Sardinia were a quest for self-knowledge. The real island slipped beneath his notice
Travel,Travel - 2.txt,"Driven by the need for a storied life, I relished the opportunity for endless travel. Is that a moment in time, now over?"
Travel,Travel - 3.txt,Jet-age glamour was more than just aesthetic: its promise of motionless movement reshaped perception of time and space
Travel,Travel - 4.txt,"In thinking about faraway travel, the ability to assess risk falters. It’s probably safer than your morning commute"
Travel,Travel - 5.txt,"If there is a greater thrill of travelling than the discovery of unfamiliar places, for me it’s getting there by train"
Travel,Travel - 6.txt,"High above London, Tokyo and Cairo, the language of the cockpit is technical, obscure, geeky – and irresistibly romantic"
Travel,Travel - 7.txt,"The Moon has always enchanted dreamers, but Apollo is a fading memory and routine lunar travel seems as remote as ever"
Travel,Travel - 8.txt,"Sure it’s progressive to sympathise with young undocumented migrants, but it also locks them into a victimhood narrative"
Travel,Travel - 9.txt,We were a group of secular Buddhists visiting the cave temples of India. What would we learn on the journey?
Values and beliefs,Values and beliefs - 1.txt,The colourful Swiss sport of stone putting illuminates Aristotle’s insights into the shortcomings of conservative thought
Values and beliefs,Values and beliefs - 2.txt,"Optimists believe in good luck, pessimists in bad. But if it’s all a matter of perspective, does luck even exist?"
Values and beliefs,Values and beliefs - 3.txt,The only way to construct a robust philosophy for life is to have a clear and realistic picture of what makes humans tick
Values and beliefs,Values and beliefs - 4.txt,We need a philosophy of Slow Thought to ease thinking into a more playful and porous dialogue about what it means to live
Values and beliefs,Values and beliefs - 5.txt,You don’t need drugs or a church for an ecstatic experience that helps transcend the self and connect to something bigger
Values and beliefs,Values and beliefs - 6.txt,Throughout human history there have been individuals who have been ready to risk everything for their beliefs
Values and beliefs,Values and beliefs - 7.txt,Anger is the emotion that has come to saturate our politics and culture. Philosophy can help us out of this dark vortex
Values and beliefs,Values and beliefs - 8.txt,"All world-altering revolutions are born in danger and death, brotherhood and joy. How can this one be stopped?"
Values and beliefs,Values and beliefs - 9.txt,"High priests, holy writ and excommunications – how did Humanism end up acting like a religion?"
Virtues and vices,Virtues and vices - 1.txt,"In the face of global challenges, Augustine offers a way between the despair of pessimism and the presumption of optimism"
Virtues and vices,Virtues and vices - 10.txt,"As philosopher Susan Wolf argues, life is far more meaningful and rich if we do not aim at being morally perfect"
Virtues and vices,Virtues and vices - 11.txt,"Can we be held morally responsible for our actions? Yes, says Daniel Dennett. No, says Gregg Caruso. Reader, you decide"
Virtues and vices,Virtues and vices - 12.txt,"Condemned, celebrated, shunned: masturbation has long been an uncomfortable fact of life. Why?"
Virtues and vices,Virtues and vices - 2.txt,"When the rules break down, you must judge what to do on your own. Discretion is necessary for navigating the muddle of life"
Virtues and vices,Virtues and vices - 3.txt,"Mischievousness requires humour, wit and a playful humaneness: qualities that make for a particular kind of virtue"
Virtues and vices,Virtues and vices - 4.txt,"We must keep the flame of pessimism burning: it is a virtue for our deeply troubled times, when crude optimism is a vice"
Virtues and vices,Virtues and vices - 5.txt,Proclaiming one’s own goodness is deeply annoying. Yet signalling theory explains why it’s a peculiarly powerful manoeuvre
Virtues and vices,Virtues and vices - 6.txt,Our crisis of public knowledge is an ethical crisis. Rewarding ‘truthfulness’ above ‘truth’ is a step towards a solution
Virtues and vices,Virtues and vices - 7.txt,Cruelty and morality seem like polar opposites – until they join forces. Beware those who persecute in the name of principle
Virtues and vices,Virtues and vices - 8.txt,True modesty is not to be timid or meek but a way of being in the world that means you don’t get in the way of your life
Virtues and vices,Virtues and vices - 9.txt,The temptation to be uncivil grows as public discourse gets nastier and more aggressive. Can rudeness ever be righteous?
War and peace,War and peace - 1.txt,The US military’s greatest enemy worked in an institution saturated with military funding. How did it shape his thought?
War and peace,War and peace - 10.txt,"Partition in Iraq rests on Orientalist ideas – and overlooks what many Iraqis, minorities included, say they want"
War and peace,War and peace - 11.txt,"Why some people choose to do evil remains a puzzle, but are we starting to understand how this behaviour is triggered?"
War and peace,War and peace - 12.txt,"Nuclear deterrence continues to dominate international relations. Yet there is no proof it ever worked, nor that it ever will"
War and peace,War and peace - 13.txt,The traditional arena of war is no more. Will it give way to a perpetual continuum of military and paramilitary violence?
War and peace,War and peace - 14.txt,"Photography came of age amid the wars and atrocities, as well as the humanitarian aspirations, of the modern world"
War and peace,War and peace - 15.txt,His cap is bleached as white as the bones of a Saharan camel. Is the romance of the French Foreign Legion a cult of death?
War and peace,War and peace - 16.txt,"Killing people is hard and horrible. No wonder that warriors, from berserkers to jihadis, need drugs to get in the mood"
War and peace,War and peace - 17.txt,Resilience is the fashionable prescription for trauma. But bouncing back is not the only – or best – way to bear sorrow
War and peace,War and peace - 18.txt,"In a national act of redemption, Rwanda aims to embrace 30,000 perpetrators of mass ethnic slaughter now returning home"
War and peace,War and peace - 19.txt,It is easy to think that mass shooters are simply monsters but that is just a way to duck our shared responsibility
War and peace,War and peace - 2.txt,"Anne Frank’s diary is one of thousands of desperate, secret and vivid journals each bearing witness to the reality of war"
War and peace,War and peace - 20.txt,"When soldiers kill in war, the secret shame and guilt they bring back home can destroy them"
War and peace,War and peace - 3.txt,"Disturbing and inhaling radioactive dust, in their haste Russian soldiers unburied the wrecked, undead Earth itself"
War and peace,War and peace - 4.txt,"Throughout history, the most effective combatants have powered to victory on commitment to core values and collective resolve"
War and peace,War and peace - 5.txt,"Conflicts only fully end when the delicate threads of peace have been steadily and quietly woven by ordinary, dedicated folk"
War and peace,War and peace - 6.txt,"Innocent, passive, apolitical: after the Holocaust, the standard for ‘true’ victimhood has worked to justify total war"
War and peace,War and peace - 7.txt,"As a soldier, I was hard-wired to seek meaning and purpose. Gray’s philosophy helped me unhook from utopia and find peace"
War and peace,War and peace - 8.txt,"Rich nations with strong governments can no longer assume that political violence is a problem for other, poorer countries"
War and peace,War and peace - 9.txt,"For 400 years, Americans have argued that their violence is justified while the violence of others constitutes barbarism"
Wellbeing,Wellbeing - 1.txt,Good nurses are attuned to the lived experience of patients. Can the theory of phenomenology add more to their practice?
Wellbeing,Wellbeing - 2.txt,"From first cry to last sigh, we do it without a thought. Yet the benefits of conscious breathing are truly remarkable"
Wellbeing,Wellbeing - 3.txt,The idea that immersing yourself in forests and nature has a healing effect is far more than just folk wisdom
Wellbeing,Wellbeing - 4.txt,"For those suffering the trauma of intensive care, the soothing swoosh of otherworldly ambient music can be a welcome gift"
Wellbeing,Wellbeing - 5.txt,‘No kill’ animal shelters have unleashed an epidemic of suffering. Is a life of misery any better than a quick death?
Wellbeing,Wellbeing - 6.txt,"When you’re living in Beirut and violence keeps spilling into your life, where do you go to find strength? Try yoga"
Wellbeing,Wellbeing - 7.txt,"Solitude is enlightening but if it does not lead us back to society, it can become a spiritual dead end"
Work,Work - 1.txt,Modern life subjects us to all-consuming demands. That’s why we should reflect on what it means to step away from it all
Work,Work - 10.txt,Human jobs in the future will be the ones that require emotional labour: currently undervalued and underpaid but invaluable
Work,Work - 11.txt,Economists believe in full employment. Americans think that work builds character. But what if jobs aren’t working anymore?
Work,Work - 12.txt,"It takes diplomacy, anthropology and psychology to serve the world’s super-rich. But only trust opens their purse strings"
Work,Work - 13.txt,How organisations enshrine collective stupidity and employees are rewarded for checking their brains at the office door
Work,Work - 14.txt,How the strange history of the ‘dude’ helps throw a light on why the West still feels like the real America
Work,Work - 2.txt,"There is always a demand for more jobs. But what makes a job good? For that, Immanuel Kant has an answer"
Work,Work - 3.txt,"Jobs have become, for so many, a relentless, unsatisfying toil. Why then does the work ethic still hold so much sway?"
Work,Work - 4.txt,"Being an employee is a threat to your liberty. But while firms exist, compulsory unions are a basic safeguard of freedom"
Work,Work - 5.txt,Breaking free of the 9-to-5 was originally a feminist project. So how did it become part of oppressive 24/7 work culture?
Work,Work - 6.txt,"Far from making them obsolete, the flatter business organisations of today need managers more than ever but in new ways"
Work,Work - 7.txt,"In 1890 William Morris imagined a world free from wage slavery. Thanks to technology, his vision is finally within reach"
Work,Work - 8.txt,Men from the Shetland Islands worked the whaling expeditions to the Antarctic. Until the whales were gone
Work,Work - 9.txt,"When employees are treated as short-term assets, they reinvent themselves as marketable goods, always ready to quit"
